elapsed_s,profile,route_state,control_state,true_range_m,true_bearing_deg,spacing_error_m,estimated_range_m,estimated_bearing_deg,measurement_age_s,follower_linear_cmd_mps,follower_angular_cmd_rps,leader_linear_cmd_mps,leader_angular_cmd_rps,center_distance_m,collision_sample,inference_ms
2.921968279999419,turn,SETTLE,SAFE_STOP,1.42,3.2256490062403666e-18,-0.08000000000000007,nan,nan,-1.0,0.0,0.0,0.0,0.0,2.0,0,
3.121803899000952,turn,SETTLE,SAFE_STOP,1.42,3.2256490062403666e-18,-0.08000000000000007,nan,nan,-1.0,0.0,0.0,0.0,0.0,2.0,0,
3.3239703760009434,turn,SETTLE,SAFE_STOP,1.42,3.2256490062403666e-18,-0.08000000000000007,nan,nan,-1.0,0.0,0.0,0.0,0.0,2.0,0,
3.5219416309992084,turn,SETTLE,SAFE_STOP,1.42,3.2256490062403666e-18,-0.08000000000000007,nan,nan,-1.0,0.0,0.0,0.0,0.0,2.0,0,
3.7237286449999374,turn,SETTLE,SAFE_STOP,1.42,3.2256490062403666e-18,-0.08000000000000007,nan,nan,-1.0,0.0,0.0,0.0,0.0,2.0,0,
3.921715074000531,turn,SETTLE,SAFE_STOP,1.42,3.2256490062403666e-18,-0.08000000000000007,nan,nan,-1.0,0.0,0.0,0.0,0.0,2.0,0,
4.121871568000643,turn,SETTLE,TRACK,1.4200000031738371,0.009438767360498713,-0.07999999682616288,1.4759919384910192,-0.031748476300596504,0.0050000000000001155,0.0,-0.0009974077990862363,0.0,0.0,2.0000000000002327,0,5.263547897338867
4.322219654000946,turn,SETTLE,TRACK,1.4200000001372628,0.001963705904860609,-0.0799999998627372,1.4761477338428022,0.0056951593002946095,0.020000000000000018,0.0,0.000707522344507371,0.0,0.0,1.999999999999898,0,5.312716007232666
4.521857875999558,turn,SETTLE,TRACK,1.4200000011167706,0.005599188595373146,-0.0799999988832294,1.4761438215191773,-0.013724076952748942,0.07999999999999985,0.0,-0.000378203931387874,0.0,0.0,1.9999999999999785,0,10.516831398010254
4.721965644999727,turn,SETTLE,TRACK,1.420000000514867,0.0038017903934616363,-0.07999999948513303,1.4761985225724121,0.0018836394172275523,0.025000000000000133,0.0,0.00018955508683721434,0.0,0.0,1.999999999999996,0,5.350515842437744
4.921592245002103,turn,SETTLE,TRACK,1.4200000019429335,0.007385016536899519,-0.07999999805706648,1.4762301358009178,0.0030629105742010256,0.0900000000000003,0.0,0.00018860708902084734,0.0,0.0,2.000000000000147,0,5.179755210876465
5.121620491001522,turn,SETTLE,TRACK,1.420000005797546,0.012756927580102754,-0.07999999420245407,1.4761579107965312,-0.005409680087461973,0.02499999999999991,0.0,-0.00018523631850048003,0.0,0.0,2.0000000000003983,0,5.527723789215088
5.322055831002217,turn,SETTLE,TRACK,1.4200000054156563,0.01232958602939549,-0.0799999945843437,1.47618907474799,0.0004882223625986659,0.03000000000000025,0.0,3.8444898376352645e-05,0.0,0.0,2.0000000000003983,0,5.510188102722168
5.521761336000054,turn,SETTLE,TRACK,1.4200000050485306,0.011904311368285484,-0.07999999495146937,1.4761961109066477,0.000564290990363643,0.029999999999999805,0.0,3.290085355776793e-05,0.0,0.0,2.0000000000003983,0,5.4249749183654785
5.721749540000019,turn,SETTLE,TRACK,1.4200000048105907,0.011620375126937844,-0.07999999518940926,1.4761979522343052,0.00047202410324455487,0.03500000000000014,0.0,2.426740993475333e-05,0.0,0.0,2.0000000000003983,0,5.389688014984131
5.922137620000285,turn,SETTLE,TRACK,1.4200000045846648,0.011344198794813626,-0.0799999954153352,1.4761952046279025,0.00042044538399450197,0.03500000000000014,0.0,1.9577995246357413e-05,0.0,0.0,2.0000000000003983,0,5.37862491607666
6.122012290001294,turn,SETTLE,TRACK,1.420000004362112,0.011065409137201988,-0.07999999563788807,1.4761934283891271,0.0003726748690435307,0.0349999999999997,0.0,1.6255276269957733e-05,0.0,0.0,2.0000000000003983,0,9.212494850158691
6.321925764001207,turn,SETTLE,TRACK,1.4200000042524796,0.010925459107584775,-0.07999999574752037,1.4761908087540714,0.00030006769690081884,0.040000000000000036,0.0,1.2482025763401817e-05,0.0,0.0,2.0000000000003983,0,5.1496782302856445
6.521908361999522,turn,SETTLE,TRACK,1.4200000041456668,0.01078736194338743,-0.07999999585433315,1.4761904297204533,0.0003168869146470535,0.03500000000000014,0.0,1.2929275502562327e-05,0.0,0.0,2.0000000000003983,0,10.990015029907227
6.722320648001187,turn,SETTLE,TRACK,1.441823474293336,0.011218835285339608,-0.058176525706663984,1.4761839560679209,0.00033413347866662106,0.04499999999999993,0.0,1.3424364894972384e-05,0.0,0.0,2.0218234697986253,0,5.2815752029418945
6.92203922599947,turn,STRAIGHT_1,TRACK,1.508071464073642,0.016076440637815825,0.008071464073641899,1.484237479541749,0.00757508008802424,0.04499999999999993,0.0003616975863639793,0.00032509902179372093,0.35,0.0,2.0880714547775425,0,5.2821550369262695
7.121855240999139,turn,STRAIGHT_1,TRACK,1.5598202440368767,0.02379140904900523,0.05982024403687669,1.5251930834089293,-0.010336468313883442,0.04499999999999993,0.103333062421132,-0.00043235495654196323,0.35,0.0,2.1398202235698482,0,5.515293121337891
7.321951284000534,turn,STRAIGHT_1,TRACK,1.5906808493740363,0.030103387755808952,0.09068084937403631,1.5640383436042462,-0.01162282626047503,0.05000000000000071,0.19938947779903665,-0.00047770485023305206,0.35,0.0,2.170680816494589,0,5.193265914916992
7.522008044001268,turn,STRAIGHT_1,TRACK,1.5974181203336935,0.03253158155712172,0.09741812033369346,1.6100306538473994,-0.006333432788714659,0.04999999999999982,0.31681677058733787,-0.0002503253568863778,0.35,0.0,2.17741808183918,0,5.2234320640563965
7.722012057001848,turn,STRAIGHT_1,TRACK,1.5860348439505396,0.028831024387122785,0.08603484395053962,1.6349673502691928,0.010901053255130968,0.054999999999999716,0.3950794977962281,0.0004509972593865337,0.35,0.0,2.166034813543185,0,5.82666015625
7.921945472000516,turn,STRAIGHT_1,TRACK,1.5741208823797572,0.032227555598804046,0.07412088237975722,1.6334752487020512,-0.007060791555689177,0.054999999999999716,0.41315618126936166,-0.00032220574238331877,0.35,0.0,2.154120844250654,0,5.183084964752197
8.121985265999683,turn,STRAIGHT_1,TRACK,1.5635178292041878,0.0338008901949444,0.0635178292041878,1.6222795365452807,-0.006267967531600956,0.055000000000000604,0.40445501541076695,-0.0002750554128928904,0.35,0.0,2.143517787002773,0,5.171730995178223
8.322048001002258,turn,STRAIGHT_1,TRACK,1.5539126155091902,0.026604078631657764,0.05391261550919024,1.613207320282231,0.016250304228126518,0.0600000000000005,0.3979626163838954,0.0006593055558155167,0.35,0.0,2.1339125886814525,0,5.194425106048584
8.521905126999627,turn,STRAIGHT_1,TRACK,1.5465271234312732,0.021946535608893106,0.04652712343127319,1.604128525345525,0.006805999388586345,0.125,0.38887654798460547,0.00025271612106772485,0.35,0.0,2.1265271044837397,0,5.280190944671631
8.72183277500153,turn,STRAIGHT_1,TRACK,1.5399408767316336,0.021322635138318426,0.0399408767316336,1.5969343794373125,0.003069708514531234,0.0649999999999995,0.3821197596158244,8.483729229915411e-05,0.35,0.0,2.119940858507873,0,5.104564189910889
8.921806083002593,turn,STRAIGHT_1,TRACK,1.5355707226248978,0.014434259741459546,0.0355707226248978,1.5899312282947033,0.006151786462902165,0.06500000000000039,0.3739375717862876,0.00022974908514764822,0.35,0.0,2.1155707130793604,0,5.219017028808594
9.1220464370017,turn,STRAIGHT_1,TRACK,1.5321222276448059,0.008719572085867879,0.03212222764480588,1.5836705906946622,0.018939714017200217,0.06500000000000039,0.36584683986865446,0.0007331594230150499,0.35,0.0,2.112122222835488,0,5.543665885925293
9.322134359001211,turn,STRAIGHT_1,TRACK,1.5295081063329545,0.01306807015034404,0.02950810633295453,1.5806854233708914,-0.008225258554392741,0.004999999999999893,0.36454068680814666,-0.0003949826914557915,0.35,0.0,2.1095080980692673,0,5.962348937988281
9.52211166699999,turn,STRAIGHT_1,TRACK,1.5271554352001337,0.016967186409908144,0.02715543520013375,1.5775032901091366,-0.005473285769441063,0.004999999999999893,0.3618348020605601,-0.00024136325193569868,0.35,0.0,2.107155422589524,0,5.113309860229492
9.72203762999925,turn,STRAIGHT_1,TRACK,1.5250199747937483,0.021524474507411438,0.02501997479374829,1.575286189372253,-0.0070175673268466675,0.004999999999999893,0.3606388163592986,-0.0002923144738637257,0.35,0.0,2.105019955655214,0,5.178463935852051
9.922135614000581,turn,STRAIGHT_1,TRACK,1.522727333991831,0.021937395679781348,0.022727333991831022,1.5740353649871321,0.0011417130922754333,0.009999999999999787,0.3613776882825435,7.887025015724885e-05,0.35,0.0,2.102727313919463,0,8.120659828186035
10.121871769999416,turn,STRAIGHT_1,TRACK,1.5203533837201513,0.02264502182464579,0.020353383720151275,1.5732636448944552,-0.0033850421212311735,0.004999999999999893,0.36278626410416,-0.00014159765873648033,0.35,0.0,2.100353362243684,0,9.018624305725098
10.322263193000254,turn,STRAIGHT_1,TRACK,1.5177243524297108,0.024962107000895926,0.01772435242971082,1.5720029176132413,-0.005282628706600157,0.015000000000000568,0.3625829077811339,-0.00026233946875669887,0.35,0.0,2.0977243266882564,0,7.544773101806641
10.522012737001205,turn,STRAIGHT_1,TRACK,1.5159676220963307,0.033390950036908514,0.015967622096330736,1.56949855118532,-0.012660808601203473,0.015000000000000568,0.3586513226486028,-0.0005267111429949453,0.35,0.0,2.0959675782090983,0,5.2047858238220215
10.722204820001934,turn,STRAIGHT_1,TRACK,1.5146430240545932,0.037928737057728146,0.014643024054593168,1.5678463765207444,-0.0047360226973532605,0.01499999999999968,0.3565581289982134,-0.00016217609941438426,0.35,0.0,2.0946429678358904,0,5.442955017089844
10.921711520000827,turn,STRAIGHT_1,TRACK,1.5138235366798214,0.041743756174322896,0.013823536679821391,1.5663121219841702,-0.004809394070300285,0.08499999999999908,0.35425708170880954,-0.000179773371314423,0.35,0.0,2.093823468794877,0,5.410408973693848
11.12187244300003,turn,STRAIGHT_1,TRACK,1.5128906494026735,0.03963137058225574,0.012890649402673482,1.5659838490736253,0.006064640781143982,0.019999999999999574,0.35467609877423817,0.0002955498709766851,0.35,0.0,2.092890586830743,0,5.224306106567383
11.322206389002531,turn,STRAIGHT_1,TRACK,1.5122728932183367,0.030860281198738744,0.012272893218336689,1.5651049374396366,0.016250724916124903,0.025000000000000355,0.3534701593261496,0.0006806377779471495,0.35,0.0,2.0922728522348386,0,5.238387107849121
11.521979774999636,turn,STRAIGHT_1,TRACK,1.5123806064594845,0.02734885388990719,0.012380606459484467,1.5631536852276742,0.012050919005869633,0.02499999999999858,0.349248219283278,0.00047042759706431784,0.35,0.0,2.0923805724178286,0,5.128708839416504
11.721872630001599,turn,STRAIGHT_1,TRACK,1.5125485003060075,-0.07872493713392041,0.012548500306007515,1.562690203471826,-0.014665391836014011,0.025000000000000355,0.3485635280288451,-0.0006426477817594019,0.35,0.0,2.0925310316678436,0,5.148347854614258
11.921900871999242,turn,TURN,TRACK,1.5125579341326048,-0.271358513306634,0.012557934132604753,1.562946085173258,-0.026130807660629616,0.08999999999999986,0.3496270434594351,-0.00108859312927354,0.35,0.12,2.092344251624127,0,5.443932056427002
12.12192620100177,turn,TURN,TRACK,1.513005157991241,-0.3152019786920044,0.013005157991240912,1.5629450920081545,-0.20455364673279397,0.030000000000001137,0.3501023059793381,-0.008425023411579427,0.35,0.12,2.092385605167445,0,5.272173881530762
12.322204558000522,turn,TURN,TRACK,1.5150985677267745,-0.2702173526219498,0.015098567726774537,1.5605325027066017,-0.2515277739203423,0.09999999999999964,0.34441978090131314,-0.01009660575685841,0.35,0.12,2.093891081830611,0,5.066839218139648
12.521889927000302,turn,TURN,TRACK,1.5209766620257545,-0.21702080617220926,0.020976662025754544,1.5525241616073988,-0.1266414391667845,0.03500000000000014,0.3239392378066678,-0.004745730555858196,0.35,0.12,2.0990201352323186,0,5.19520902633667
12.72177339600239,turn,TURN,TRACK,1.5300765790781707,-0.15909797257711175,0.03007657907817074,1.5459987534874509,-0.02284880084528578,0.03500000000000014,0.30540089104674095,-0.00045429219119231395,0.35,0.12,2.1072536015262227,0,5.132474899291992
12.921850918999553,turn,TURN,TRACK,1.5405141302535064,-0.08937073891653857,0.040514130253506364,1.5446139802481333,0.06651005748711349,0.03999999999999915,0.2990262729982634,0.0031082392141961327,0.35,0.12,2.11670733697353,0,5.556888103485107
13.121720770999673,turn,TURN,TRACK,1.5528854826863787,-0.010839584585342683,0.052885482686378715,1.54270285446861,0.1771658782632814,0.040000000000000924,0.2910254434681131,0.0074711796349300145,0.35,0.12,2.1279339749023243,0,5.344435214996338
13.322071914000844,turn,TURN,TRACK,1.5654012741570638,0.08345951362439415,0.06540127415706376,1.5426593750645776,0.2544786926613578,0.04499999999999993,0.2879860416562732,0.010396608066993914,0.35,0.12,2.1392386179150624,0,5.245204925537109
13.52209013600077,turn,TURN,TRACK,1.5775912222424482,0.18211882046931563,0.07759122224244819,1.54476041269253,0.3470256568300322,0.04499999999999993,0.2907418906216144,0.013999919185940833,0.35,0.12,2.150104759222719,0,5.395942211151123
13.721971537001082,turn,TURN,TRACK,1.588500327162301,0.26063223977970645,0.08850032716230105,1.5467932817529404,0.49303040943040366,0.04499999999999993,0.2937822397234253,0.01982627009815885,0.35,0.12,2.159654437882993,0,5.393416881561279
13.921822303000226,turn,TURN,TRACK,1.5973686837522612,0.3212588939019673,0.09736868375226115,1.5508235032817406,0.61236442678779,0.049999999999998934,0.30272007553166064,0.024417359121129068,0.35,0.12,2.1671079176609402,0,5.133533954620361
14.121676709000894,turn,TURN,TRACK,1.6038896259095545,0.36838998444870275,0.10388962590955453,1.555040741221076,0.7350818794536176,0.04499999999999993,0.3128345924970604,0.029126020135215938,0.35,0.12,2.172205705496265,0,8.805630683898926
14.322135009999329,turn,TURN,TRACK,1.6091039815807495,0.39185482694596563,0.10910398158074952,1.5579020198273956,0.8631443849016304,0.054999999999999716,0.32022017757871757,0.03407030452398421,0.35,0.12,2.1758487982333854,0,5.111379146575928
14.522053124001104,turn,TURN,TRACK,1.613382141652618,0.4175547228464927,0.11338214165261795,1.558874846346668,0.9190054724650147,0.054999999999999716,0.3232906742301803,0.03595924318654581,0.35,0.12,2.1785223763461548,0,5.136620044708252
14.72217831799935,turn,TURN,TRACK,1.6170330482064743,0.44320146039312935,0.11703304820647431,1.559232002774247,0.9806141371403022,0.054999999999999716,0.32485836488515446,0.038224925256011066,0.35,0.12,2.180543643934564,0,9.083888053894043
14.921993230000226,turn,TURN,TRACK,1.6195846739629671,0.4666272673805718,0.11958467396296713,1.5593769986686365,1.0628039855510745,0.05999999999999872,0.3258646380678696,0.041341253538652194,0.35,0.12,2.181723239248597,0,5.107585906982422
15.121950462002133,turn,TURN,TRACK,1.6218575526322816,0.4882323019059652,0.1218575526322816,1.5600673306890924,1.1426918099535512,0.0600000000000005,0.32828066827477925,0.044431383382298635,0.35,0.12,2.1824183074147387,0,5.296951770782471
15.32205931900171,turn,TURN,TRACK,1.623897257348218,0.5182136220757855,0.12389725734821799,1.5597150506217807,1.2025208101823548,0.0649999999999995,0.3280580707422164,0.04666360723925772,0.35,0.12,2.18283399683724,0,5.394848823547363
15.521852093999769,turn,TURN,TRACK,1.6255211077669436,0.550999451327592,0.12552110776694358,1.5596135521481669,1.24633248238086,0.0649999999999995,0.32839986427983975,0.04826731501005795,0.35,0.12,2.182832808355904,0,5.169210910797119
15.72219610799948,turn,TURN,TRACK,1.6268290632926081,0.5750206336369463,0.12682906329260812,1.5594511254028873,1.3345050686918851,0.0600000000000005,0.32851618181533365,0.05170388362516967,0.35,0.12,2.1825978632129392,0,5.488987922668457
15.9217966110009,turn,TURN,TRACK,1.628121618258026,0.6015937332499698,0.12812161825802604,1.558560404309524,1.3933530645654038,0.004999999999999005,0.3266445296483032,0.053914268605782883,0.35,0.12,2.182352719405406,0,5.644833087921143
16.121992534001038,turn,TURN,TRACK,1.6292172799370748,0.6330729582376615,0.12921727993707477,1.5582871536174152,1.446351706914725,0.005000000000000782,0.32620534420048675,0.055964164854040696,0.35,0.12,2.181880436945225,0,6.490553855895996
16.32206304400097,turn,TURN,TRACK,1.6297827739164295,0.6519530288309511,0.12978277391642945,1.5587108002296535,1.524384262173111,0.004999999999999005,0.3275747031864466,0.059036988957798936,0.35,0.12,2.180891506647735,0,5.103798866271973
16.523726504001388,turn,TURN,TRACK,1.629958394863087,0.6664333731124644,0.1299583948630869,1.5587250919443731,1.5850519880709406,0.009999999999999787,0.3278679722108385,0.061312808027503475,0.35,0.12,2.179566084843935,0,5.447605133056641
16.72190997800135,turn,TURN,TRACK,1.6300940403298225,0.6786228929473304,0.13009404032982252,1.5579995086960499,1.6424941611506538,0.009999999999999787,0.3261880557989246,0.06352700539036596,0.35,0.12,2.178140526177538,0,5.442753791809082
16.92191721999916,turn,TURN,TRACK,1.6302554875145925,0.6834016823191079,0.13025548751459248,1.5572980682276465,1.701539675523174,0.014999999999998792,0.3244860674756534,0.06572236023034105,0.35,0.12,2.1767967123077163,0,5.350168228149414
17.12182684599975,turn,TURN,TRACK,1.63026186248921,0.6862949523952023,0.13026186248921,1.5570135254346906,1.75668405361831,0.015000000000000568,0.3237590437704589,0.06780975087117125,0.35,0.12,2.175317111779989,0,5.421568870544434
17.32207550000021,turn,TURN,TRACK,1.6300620032997353,0.7039890934074412,0.13006200329973527,1.5568252747769054,1.783515065114246,0.015000000000000568,0.3231141392546583,0.06876641204817788,0.35,0.12,2.1735792316413334,0,5.518702983856201
17.522008777999872,turn,TURN,TRACK,1.6302099103291274,0.7403936782669902,0.13020991032912743,1.5555605703817903,1.787219931528195,0.02000000000000135,0.3197563896976741,0.06879075180128857,0.35,0.12,2.1723552366912697,0,5.062521934509277
17.721897733001242,turn,TURN,TRACK,1.630412747919821,0.7904636395077815,0.13041274791982094,1.555049888564448,1.8195643021972427,0.019999999999999574,0.3180627810801439,0.07008084383629193,0.35,0.12,2.1709968065848755,0,5.375874042510986
17.921788003000984,turn,TURN,TRACK,1.6305674084859894,0.8280908119602562,0.13056740848598936,1.5546436798662437,1.8661096897034297,0.08499999999999908,0.31662674322378204,0.07189673002045492,0.35,0.12,2.169897073624825,0,6.93333101272583
18.121906562999357,turn,TURN,PREDICT,1.6442050274976632,0.8329207676179737,0.14420502749766317,1.5584724594976875,1.8733547069418797,0.28500000000000014,0.1759346632507801,0.07212433894976938,0.35,0.12,2.182103783856936,0,5.664059162139893
18.32211523300066,turn,TURN,TRACK,1.6439560372130577,0.8898308300621408,0.14395603721305772,1.5643760661456019,1.921797969858461,0.025000000000000355,0.32003917648961916,0.07403523641946048,0.35,0.12,2.1804601082046577,0,5.1383748054504395
18.521757394002634,turn,TURN,TRACK,1.6471787404315632,0.9407413058424194,0.1471787404315632,1.554015431527092,1.9654124838666693,0.030000000000001137,0.29652269630297196,0.07577246471558387,0.35,0.12,2.182368115112251,0,5.10745906829834
18.722357623999414,turn,TURN,TRACK,1.6522920228420663,0.9521348334633353,0.15229202284206633,1.5497111744491465,2.06800864686776,0.02999999999999936,0.28594819514053565,0.07995384987091492,0.35,0.12,2.1861152700507103,0,5.078322887420654
18.92179945099997,turn,TURN,TRACK,1.6569004877337528,0.9737481906032436,0.15690048773375276,1.5498150362773082,2.05342298978655,0.10000000000000142,0.2859732276038919,0.07915335866669877,0.35,0.12,2.1894417275989593,0,5.530724048614502
19.122178180001356,turn,TURN,TRACK,1.6603101174820576,1.0068217183214012,0.1603101174820576,1.5525086968784563,2.0768169274789585,0.030000000000001137,0.29266398582121445,0.08005679742380435,0.35,0.12,2.191529716937769,0,5.251229763031006
19.321938885001146,turn,TURN,TRACK,1.6630897669593534,1.0205444096069691,0.1630897669593534,1.5529032547623476,2.127639922823282,0.03500000000000014,0.2938073598317613,0.0820753602646229,0.35,0.12,2.1930454469079512,0,9.781744003295898
19.522118898999906,turn,TURN,TRACK,1.665971848748923,1.0459012863751873,0.165971848748923,1.5523038639176063,2.1439158544740335,0.03999999999999915,0.292550117456833,0.08260641600538485,0.35,0.12,2.1945920564056807,0,5.1225810050964355
19.722344646001147,turn,TURN,TRACK,1.6663741432947112,1.1613388869681065,0.16637414329471123,1.5523711492514098,2.159875915126121,0.03999999999999915,0.29287704199996856,0.08323248715299027,0.35,0.12,2.1959542469992703,0,5.244358062744141
19.921964732999186,turn,STRAIGHT_2,TRACK,1.6649623473749546,1.307100020731724,0.16496234737495463,1.5518180839196771,2.2707339812848404,0.045000000000001705,0.29142994087938046,0.08784146436210999,0.35,0.0,2.1976754805366907,0,5.659782886505127
20.12183508599992,turn,STRAIGHT_2,TRACK,1.6623550642803973,1.302798856263276,0.16235506428039725,1.5548217486523717,2.4896706983967727,0.045000000000001705,0.29947199685575665,0.09672928398943295,0.35,0.0,2.1985783231341998,0,5.140315055847168
20.322072767001373,turn,STRAIGHT_2,TRACK,1.6593945105393502,1.2571972522344335,0.15939451053935016,1.558561639484314,2.523539816955998,0.04499999999999815,0.3099331578066811,0.09761586453806033,0.35,0.0,2.1982637200648676,0,5.788917064666748
20.521884764999413,turn,STRAIGHT_2,TRACK,1.654892244003496,1.2322012272591498,0.1548922440034961,1.5617007936203269,2.426088482346464,0.04999999999999716,0.3190683791999221,0.09331525385323011,0.35,0.0,2.1964692121766736,0,5.365945816040039
20.721813006999582,turn,STRAIGHT_2,TRACK,1.6483732619022269,1.198849882136133,0.14837326190222688,1.5665771625174107,2.3798965528897136,0.05000000000000071,0.33332726656761436,0.09130524180341355,0.35,0.0,2.1925708821265157,0,5.333653926849365
20.921879743000318,turn,STRAIGHT_2,TRACK,1.640955588818816,1.171583094233027,0.1409555888188161,1.5681420629636116,2.304893838585702,0.054999999999999716,0.33998024950066774,0.0881444828747309,0.35,0.0,2.187618523587372,0,5.175209045410156
21.121924797000247,turn,STRAIGHT_2,TRACK,1.634054694110599,1.1614763226064468,0.1340546941105989,1.5681712018758376,2.2018425888471014,0.054999999999999716,0.34276936664119817,0.08393394080717889,0.35,0.0,2.1830301182282734,0,5.083457946777344
21.32207701600055,turn,STRAIGHT_2,TRACK,1.6288848833799503,1.1442892800840163,0.1288848833799503,1.5646649234542864,2.144396934153436,0.054999999999999716,0.3360450794597527,0.08174324321624352,0.35,0.0,2.1800765487916376,0,7.126781940460205
21.522068088001106,turn,STRAIGHT_2,TRACK,1.6252230947744561,1.1145720745621475,0.12522309477445615,1.5622395213813993,2.0972407349056814,0.05999999999999872,0.3313733701512728,0.07997206669179413,0.35,0.0,2.1784345752641316,0,5.199644088745117
21.72191669300082,turn,STRAIGHT_2,TRACK,1.6228620460087342,1.0698881869959502,0.12286204600873418,1.5604378790029445,2.0698186797210902,0.060000000000002274,0.32790615357947195,0.07902848595295939,0.35,0.0,2.17795902001497,0,5.103504180908203
21.921899888999178,turn,STRAIGHT_2,TRACK,1.62142112943087,1.0375916140624826,0.12142112943087002,1.5590653572349866,1.9777974800392306,0.06500000000000128,0.3251761061273313,0.07536100749270504,0.35,0.0,2.1782329024100933,0,5.361931800842285
22.1219752040015,turn,STRAIGHT_2,TRACK,1.6203093063154577,1.0216365733185495,0.12030930631545766,1.558965625934989,1.8823460653087203,0.06500000000000128,0.3254122574792758,0.0716400542946182,0.35,0.0,2.178761880726925,0,5.555201053619385
22.321939151999686,turn,STRAIGHT_2,TRACK,1.6192097776623555,0.9955074075089219,0.11920977766235552,1.5595144176866682,1.8447878303723053,0.06499999999999773,0.32727565204307085,0.07033920027733667,0.35,0.0,2.1791937273420086,0,5.324894905090332
22.521865803002584,turn,STRAIGHT_2,TRACK,1.6181616240915548,0.9818743894218281,0.11816162409155484,1.5601144917931922,1.751474439526469,0.004999999999999005,0.3294151631182756,0.06660588265481666,0.35,0.0,2.1796411119113897,0,5.207629203796387
22.722500206000404,turn,STRAIGHT_2,TRACK,1.6173974912377083,0.9659261684965167,0.11739749123770826,1.560024113022936,1.6972770865835962,0.005000000000002558,0.32980470602275536,0.06457042276383651,0.35,0.0,2.1802338678041298,0,5.25272798538208
22.92218377700192,turn,STRAIGHT_2,TRACK,1.6163927864451149,0.9427749999659255,0.11639278644511486,1.560954238466638,1.6597045965516029,0.005000000000002558,0.3328535064762564,0.06322517134222093,0.35,0.0,2.180462159346297,0,5.285822868347168
23.122001061001356,turn,STRAIGHT_2,TRACK,1.614848577367333,0.9211921094520424,0.1148485773673329,1.5625784813627015,1.604847603074777,0.010000000000001563,0.33786262168432774,0.06111630600387239,0.35,0.0,2.1800116298101804,0,5.135509967803955
23.32231544500246,turn,STRAIGHT_2,TRACK,1.6130062802865002,0.8984970372476336,0.11300628028650017,1.5632963068042094,1.5395065893630029,0.00999999999999801,0.34063289338544817,0.05853395044675536,0.35,0.0,2.17924331038435,0,5.224820137023926
23.52210009999908,turn,STRAIGHT_2,TRACK,1.6107032583058563,0.8883296129863735,0.11070325830585626,1.5643766516824125,1.4771830011654221,0.014999999999997016,0.34418703948637835,0.05617327276216259,0.35,0.0,2.177940079659622,0,5.094261169433594
23.721957665002265,turn,STRAIGHT_2,TRACK,1.6081836617226213,0.8699695612896449,0.10818366172262128,1.56494296538212,1.4447992636866653,0.015000000000000568,0.3467386732437855,0.05502593533751184,0.35,0.0,2.1763295900505977,0,6.141785144805908
23.92181009200067,turn,STRAIGHT_2,TRACK,1.6055465045855302,0.8566653512024276,0.10554650458553017,1.5650237486399108,1.3828363803875292,0.010000000000001563,0.3481309740954688,0.05254536669843106,0.35,0.0,2.1745604322190744,0,10.068161964416504
24.12190450699927,turn,STRAIGHT_2,TRACK,1.6032111651202159,0.8484791247841521,0.10321116512021589,1.5642809134428552,1.3289343037326187,0.019999999999999574,0.347372166496872,0.05053181231110655,0.35,0.0,2.1730319596415386,0,5.366741180419922
24.322036149002088,turn,STRAIGHT_2,TRACK,1.6007088799181062,0.826428361655655,0.10070887991810618,1.5645917297189078,1.317064123969053,0.019999999999999574,0.34920112162241795,0.05018753360820344,0.35,0.0,2.171280733225523,0,5.2283101081848145
24.521884951001994,turn,STRAIGHT_2,TRACK,1.5979305234425216,0.8129881883736194,0.09793052344252162,1.5650117111376973,1.2571100631130905,0.08999999999999986,0.35134250988469456,0.04779733070462419,0.35,0.0,2.16920014248057,0,6.273148059844971
24.72166305800056,turn,STRAIGHT_2,TRACK,1.5739073496835652,0.6966721771537794,0.07390734968356516,1.5649178257158605,1.1889929738109466,0.02500000000000213,0.3521254317068861,0.045108053201276616,0.35,0.0,2.1458582602763308,0,5.106258869171143
24.921738131000893,turn,COMPLETE,TRACK,1.5115375920121947,0.16339403246830642,0.01153759201219473,1.5541681197780202,1.0534602554297894,0.02500000000000213,0.3248468561222865,0.03942854860053467,0.0,0.0,2.0835573093809456,0,5.152188777923584
25.121753874002025,turn,COMPLETE,TRACK,1.4646351364274788,-0.15346974493840812,-0.03536486357252122,1.527651339110755,0.6742026624910762,0.09499999999999886,0.25478762783236053,0.024140776313544617,0.0,0.0,2.0366851729936304,0,5.613500118255615
25.32207962800021,turn,COMPLETE,TRACK,1.4420912798943566,-0.2618175410201008,-0.05790872010564341,1.4697672605077199,0.21806597906347525,0.029999999999997584,0.09880383519525598,0.006130929037724541,0.0,0.0,2.0141521427343387,0,5.067968845367432
25.522143168000184,turn,COMPLETE,TRACK,1.4386044888343301,-0.2899726950216774,-0.06139551116566988,1.442290192454015,0.10468226895829706,0.03500000000000014,0.011826667821761012,0.0024636927027895726,0.0,0.0,2.010666649969421,0,5.925849914550781
25.721897647999867,turn,COMPLETE,TRACK,1.4383578997007198,-0.3220513216207971,-0.06164210029928019,1.4308271030491098,0.08562971068785824,0.03500000000000014,0.0,0.0023356275311835935,0.0,0.0,2.0104194895692977,0,5.174127101898193
25.921932006000134,turn,COMPLETE,TRACK,1.4383582633326912,-0.3374999807432715,-0.061641736667308766,1.4241207719894893,0.039906180126676224,0.10500000000000043,0.0,0.0008576493166357006,0.0,0.0,2.0104194895082506,0,5.384480953216553
