elapsed_s,cpu_core_equivalent_percent,memory_mib,gpu_utilization_percent,gpu_memory_mib
0.00011993899897788651,0.0,24.359375,7.0,11.0
1.021051053001429,654.059310017656,490.578125,7.0,11.0
1.3240111320010328,1114.7349879072403,583.80859375,0.0,11.0
1.6005304530008289,834.2010213462449,717.33984375,0.0,11.0
1.8766720540006645,392.27845282197984,1011.93359375,0.0,11.0
2.150141006000922,311.1625629805312,1172.81640625,0.0,11.0
2.421840090999467,325.346329379333,1343.640625,0.0,11.0
2.692455118001817,311.5292633001785,1392.8984375,0.0,11.0
2.968786626999645,398.1956324816544,1482.12109375,0.0,93.0
3.291849639001157,298.1279082470425,1597.9765625,0.0,144.0
3.565929906999372,379.9335893843991,1718.01953125,0.0,176.0
3.868338659998699,401.78797338009105,1925.37890625,2.0,546.0
4.14501034299974,506.77285972729084,2025.09765625,1.0,546.0
4.42184846300006,515.516071268779,2082.09765625,1.0,546.0
4.696968459000345,515.9192427432754,2134.125,2.0,546.0
4.977416712001286,686.6653578311073,2283.265625,2.0,558.0
5.2619511039993085,688.0623415160328,2852.72265625,2.0,570.0
5.548928118998447,709.0201980134577,3526.9921875,2.0,640.0
5.828937801001302,588.3764404915104,3540.48828125,60.0,642.0
6.1009245089990145,445.78060778256827,3555.53125,60.0,642.0
6.376628231999348,424.27682414668936,3540.08984375,11.0,642.0
6.649762811000983,439.6426129526473,3552.765625,27.0,642.0
6.930939308000234,445.7058158752645,3541.15234375,27.0,642.0
7.20941495399893,421.0364593266759,3537.5390625,14.0,642.0
7.484031992000382,427.97089669060756,3554.87109375,14.0,642.0
7.758439613000519,404.09373324199606,3540.73828125,15.0,642.0
8.033288804999756,366.3947463970692,3551.51171875,15.0,642.0
8.307162569999491,390.9045468451631,3555.94921875,27.0,642.0
8.581766500999947,422.01835777728706,3538.6953125,27.0,642.0
8.859540575998835,422.0930265017331,3553.81640625,16.0,642.0
9.133406258999457,412.95170231219913,3538.82421875,24.0,642.0
9.406562383999699,388.3724005819244,3537.625,24.0,642.0
9.677803276001214,434.82271102154175,3555.36328125,17.0,642.0
9.953307283998583,416.2835990433032,3541.1328125,17.0,642.0
10.226713084000949,380.8642684211498,3542.4296875,20.0,642.0
10.503502760999254,433.624553132214,3556.34375,20.0,642.0
10.779558198999439,426.8005037449075,3537.64453125,14.0,642.0
11.05163980799989,402.76702421227594,3553.71875,14.0,642.0
11.325814490999619,392.1831834491683,3539.82421875,7.0,642.0
11.601317463999294,378.3051734985196,3537.43359375,7.0,642.0
11.874279236999428,406.70163730195884,3555.06640625,31.0,642.0
12.150357096001244,415.56972520293715,3541.1875,9.0,642.0
12.425290842998947,381.2056582521876,3538.35546875,9.0,642.0
12.698466795998684,419.71263846972187,3556.39453125,10.0,642.0
12.971168044001388,414.5283559497279,3537.87109375,10.0,642.0
13.243200600001728,391.78215125055357,3553.46484375,6.0,642.0
13.523506423000072,413.1380460144218,3557.51171875,6.0,642.0
13.803312126001401,428.4069220684553,3538.03125,17.0,642.0
14.078413799001282,429.4477700251976,3555.1328125,17.0,642.0
14.354086741001083,441.1031388060124,3541.58984375,3.0,642.0
14.629087675999472,429.18799530878573,3547.78125,3.0,642.0
14.9032625309992,421.56272864670444,3556.9609375,22.0,642.0
15.180670304998785,426.72740670986843,3539.34375,32.0,642.0
15.459462391998386,440.4138629665465,3554.77734375,32.0,642.0
15.733116890001838,440.9015780127168,3560.08984375,6.0,642.0
16.010163275001105,415.47410914711884,3538.328125,6.0,642.0
16.281610538000677,419.63768115127164,3555.5390625,25.0,642.0
16.56056277099924,426.1087954818857,3541.7109375,25.0,642.0
16.83579488200121,429.3161854183306,3552.06640625,16.0,642.0
17.113574216000416,451.0180732176361,3557.390625,16.0,642.0
17.386910839999473,411.7541892241566,3538.56640625,18.0,642.0
17.65887830200154,399.3150474712841,3555.01171875,21.0,642.0
17.933767058999365,441.8532839484628,3559.484375,21.0,642.0
18.211339593999583,420.78802933405643,3538.48828125,10.0,642.0
18.48898877100146,446.79981168884063,3559.21875,10.0,642.0
18.768270691998623,421.90450273076056,3538.703125,15.0,642.0
19.041626174999692,389.4145412096371,3553.76171875,15.0,642.0
19.31349458299883,404.2577098562668,3558.25,18.0,642.0
19.588310081999225,375.0603600412332,3538.91015625,18.0,642.0
19.861335829999007,427.2582379303407,3554.94921875,28.0,642.0
20.138544109999202,431.16280653635516,3542.2890625,11.0,642.0
20.411757025998668,423.0974936786154,3539.29296875,11.0,642.0
20.686487434999435,410.0660003737894,3557.1015625,15.0,642.0
20.95872594699904,420.1312266949455,3542.6796875,15.0,642.0
21.228425108998636,398.8021290187054,3547.30859375,25.0,642.0
21.500440078001702,413.576871935793,3558.77734375,25.0,642.0
21.776168109001446,390.10542239755034,3539.78515625,10.0,642.0
22.05313768600172,409.9822125947363,3557.95703125,10.0,642.0
22.329941397998482,453.2294711476524,3559.59375,24.0,642.0
22.60794754000017,451.4569321969824,3539.859375,24.0,642.0
22.879516273998888,430.16991786893516,3557.64453125,10.0,642.0
23.153894105998916,429.8896858401746,3544.1953125,25.0,642.0
23.43146557200089,425.22022057973726,3553.65625,25.0,642.0
23.70963113199832,445.41639159478785,3558.8046875,16.0,642.0
23.982017784001073,416.9514150746742,3540.7421875,16.0,642.0
24.254458971998247,443.0031335836486,3556.4453125,31.0,642.0
24.530536468999344,441.4955993299071,3561.75390625,31.0,642.0
24.80783928800156,399.51847730446144,3539.953125,15.0,642.0
25.08488574399962,438.58276245501014,3558.12890625,15.0,642.0
25.364049296000303,437.14159361212677,3540.51953125,12.0,642.0
25.639118610000878,417.02906926128503,3555.2734375,26.0,642.0
25.914807657998608,452.61065285780734,3559.28125,26.0,642.0
26.194329236001067,432.0961582398387,3540.58203125,12.0,642.0
26.474849501999415,439.2908995770229,3559.27734375,12.0,642.0
26.75020989100085,480.5832838916803,3542.7890625,28.0,642.0
27.028802392000216,442.5068857121911,3548.609375,28.0,642.0
27.301790388999507,421.0947047620509,3560.36328125,12.0,642.0
27.58056620500065,390.86640140819475,3541.59375,12.0,642.0
27.858853370998986,415.52401306458944,3557.77734375,22.0,642.0
28.133998247998534,435.3059424769769,3542.078125,22.0,642.0
28.40694273600093,374.8842878230325,3542.1953125,18.0,642.0
28.67771049699877,413.15923131960926,3559.31640625,7.0,642.0
28.949980195000535,372.07298771581804,3542.41796875,7.0,642.0
29.22475428799953,394.3315718647316,3541.921875,20.0,642.0
29.499956777999614,407.64275061597743,3560.5234375,20.0,642.0
29.777786443999503,427.0987389807665,3542.05859375,16.0,642.0
30.051075332001346,414.95649833825297,3557.1015625,16.0,642.0
30.32574477700109,436.8159698291575,3542.74609375,27.0,642.0
30.59784974899958,382.80189896926595,3541.66015625,27.0,642.0
30.868953207998857,417.9725349808313,3558.375,13.0,642.0
31.144822787999146,398.5056996856433,3545.56640625,14.0,642.0
31.419543744999828,401.51760245843315,3544.046875,14.0,642.0
31.694896889999654,435.1186909453152,3560.546875,26.0,642.0
31.96953040600056,472.0519981966561,3552.76171875,26.0,642.0
32.24362793600085,540.8724405500593,3577.17578125,13.0,642.0
32.52439342700018,548.0541766451198,3583.9921875,13.0,642.0
32.80449577699983,446.77133197974086,3549.6640625,24.0,642.0
33.08308208499875,409.2516276874651,3566.48828125,24.0,642.0
33.35918286699962,439.8737994143695,3548.515625,16.0,642.0
33.63134996300141,412.6013087168316,3562.28125,16.0,642.0
33.903253525000764,430.05872795546054,3565.90234375,22.0,642.0
34.18094771599863,466.2920730703956,3548.8671875,13.0,642.0
34.459032303999265,449.72970598324923,3565.390625,13.0,642.0
34.73838809500012,429.21143524686715,3568.31640625,6.0,642.0
35.01189027700093,394.8184223249803,3549.13671875,6.0,642.0
35.282766525000625,434.3776941274398,3566.109375,20.0,642.0
35.56023924799956,447.70454788262583,3552.578125,20.0,642.0
35.833313179999095,401.5355812146407,3563.21484375,10.0,642.0
36.11088002099859,423.8150334398655,3568.421875,10.0,642.0
36.387712073999865,464.33568153110355,3548.59375,22.0,642.0
36.658711823001795,423.12511514238776,3565.01171875,9.0,642.0
36.93132211400007,454.39150351365424,3567.5546875,9.0,642.0
37.2066915280011,429.58619943010757,3549.2890625,14.0,642.0
37.47863273099938,414.7227369613212,3566.37890625,14.0,642.0
37.75675842200144,424.23696845440287,3553.09765625,15.0,642.0
38.03142326899979,409.8558706374133,3556.359375,15.0,642.0
38.302696547998494,419.8861768487836,3567.86328125,13.0,642.0
38.575245315001666,422.1028084807328,3548.734375,13.0,642.0
38.847672935000446,394.196814553829,3552.99609375,21.0,642.0
39.11759385199912,404.5318207056083,3568.80078125,21.0,642.0
39.391961695000646,412.6303533295975,3549.6171875,16.0,642.0
39.6654784070015,403.7632625521419,3566.87890625,20.0,642.0
39.94065252400105,414.9659904248416,3552.7421875,20.0,642.0
40.21281760000056,395.3960647037379,3549.55078125,12.0,642.0
40.48676903199885,407.7503781790762,3567.53515625,12.0,642.0
40.76047197400112,388.53948453033655,3552.5078125,10.0,642.0
41.031320209000114,369.8229748492627,3562.98828125,10.0,642.0
41.306618088001414,424.4852899845553,3568.203125,19.0,642.0
41.58274760000131,375.50060929394033,3550.96484375,19.0,642.0
41.85699070600094,441.7912332139469,3567.30078125,18.0,642.0
42.13154558899987,443.2975245990269,3551.51953125,18.0,642.0
42.40360186600083,388.549020685262,3549.49609375,26.0,642.0
42.67588590300147,420.8704309747269,3566.9296875,10.0,642.0
42.95142524000039,450.71060035427075,3568.3828125,10.0,642.0
43.231140376999974,439.5185806486498,3562.08984375,24.0,642.0
43.506612026001676,456.05564295011686,3567.984375,24.0,642.0
43.780782745998295,412.04618786934395,3549.83984375,11.0,642.0
44.05303350599934,413.8970998632594,3566.03515625,11.0,642.0
44.33184148500004,469.4072977002926,3568.5625,22.0,642.0
44.60968988699824,444.0835330080462,3549.7265625,22.0,642.0
44.88787422799942,424.77301049629983,3566.72265625,11.0,642.0
45.16301383600148,470.51240982733697,3553.48828125,17.0,642.0
45.43515216800006,409.60639091659897,3565.30859375,17.0,642.0
45.709263069999,459.1579506038311,3567.84765625,20.0,642.0
45.98473657000068,444.2659638740325,3569.8125,20.0,642.0
46.259860276000836,432.9961301114901,3566.5,5.0,642.0
46.53634607600179,456.79669624828324,3551.6484375,5.0,642.0
46.81668410199927,454.3122523133725,3554.18359375,30.0,642.0
47.08993209500113,463.1704650768965,3568.5625,30.0,642.0
47.36526654499903,438.95015680356045,3550.49609375,6.0,642.0
47.63952023499951,408.86414326751475,3565.11328125,26.0,642.0
47.91489102500054,394.7488402803791,3572.40625,26.0,642.0
48.1896118270015,393.4612858316554,3551.7578125,8.0,642.0
48.4631917250008,387.23605343354535,3566.78515625,8.0,642.0
48.73662354699991,442.672689356521,3553.7421875,22.0,642.0
49.00853577200178,383.76575381736654,3550.41796875,22.0,642.0
49.27908597499845,391.3632251139053,3567.76953125,14.0,642.0
49.55381739600125,431.1949451125705,3553.6796875,14.0,642.0
49.82652203299949,420.6008422245476,3555.08203125,1.0,642.0
50.10877216700101,449.8361017583022,3569.20703125,1.0,642.0
50.3850203180009,418.50343461681945,3550.9765625,27.0,642.0
50.65682078499958,460.10185847328034,3561.359375,19.0,642.0
50.93245930299963,403.5176244851946,3505.6953125,19.0,642.0
51.20428344299944,353.16399787034317,3503.01953125,17.0,642.0
51.47588848500163,366.83597353540864,3502.44921875,17.0,642.0
51.75284711299901,670.527224021925,3424.00390625,15.0,510.0
52.054030523999245,391.37049284532725,2957.015625,15.0,510.0
52.327579397999216,301.8023755418886,2701.9609375,0.0,510.0
52.59883951599841,148.6141799883766,91.62109375,0.0,177.0
52.90933034200134,95.7635379530315,59.20703125,10.0,11.0
53.17981848099953,103.94023229309958,78.96484375,0.0,11.0
53.45083548299954,689.1774265881468,242.1484375,0.0,11.0
53.763875385000574,1057.2208139743902,463.69921875,0.0,11.0
54.0659957880016,992.815768218675,574.86328125,0.0,11.0
54.370304588999716,947.6209661178565,682.875,0.0,11.0
54.65335692499866,509.66581671503104,819.28125,0.0,11.0
54.93435529300041,335.9165416911363,1311.30859375,0.0,11.0
55.20797116899848,305.7055797470918,1400.52734375,0.0,11.0
55.487617890001275,311.6117352905782,1442.9453125,0.0,11.0
55.763500364999345,376.961965419251,1528.02734375,0.0,88.0
56.06446145899827,361.6942593928439,1623.34765625,0.0,144.0
56.3355273140005,139.27353557565854,1623.578125,2.0,144.0
56.60673860099996,146.40836094730483,1623.30078125,2.0,144.0
56.87576427800013,140.95940738019476,1623.23828125,1.0,144.0
57.144568617000914,228.47510657118394,1642.8515625,2.0,144.0
57.4168741450012,545.9143671877373,1758.08203125,2.0,262.0
57.73601703999884,609.3377074913046,1971.078125,13.0,546.0
58.0161754940018,693.2948023690523,2056.01953125,13.0,546.0
58.292370151000796,693.4192792900271,2091.89453125,2.0,546.0
58.57175777500015,700.7006867292442,2135.70703125,2.0,546.0
58.849811162999686,674.8484575210932,2226.78515625,1.0,558.0
59.12727477899898,680.1244888283998,2958.109375,1.0,570.0
59.41094669599988,701.8537545236352,3561.484375,22.0,642.0
59.69260449799913,448.094812585161,3543.6328125,14.0,642.0
59.96492064500126,430.6913170267601,3561.6328125,14.0,642.0
60.2398262079987,390.9575303901666,3544.21484375,13.0,642.0
60.51094612599991,398.14964830256565,3556.9296875,13.0,642.0
60.78284399399854,420.1610731297633,3562.08984375,17.0,642.0
61.06072914299875,399.98251219936543,3545.26953125,17.0,642.0
61.337073140999564,413.8834236583062,3559.81640625,9.0,642.0
61.60900745300023,422.4325321613635,3545.22265625,9.0,642.0
61.881794875000196,419.0486466051749,3543.76953125,21.0,642.0
62.154530111001804,428.6959826463732,3561.09375,13.0,642.0
62.42884830899857,450.09153932054085,3547.53515625,13.0,642.0
62.7019705620005,428.58353251491764,3549.328125,14.0,642.0
62.97911579200081,561.0387016216133,3572.87109375,14.0,642.0
63.255651883999235,603.0847503296276,3560.05859375,23.0,642.0
63.53084368200143,482.1717106515674,3559.97265625,23.0,642.0
63.8080837339985,409.88269617407747,3564.28515625,5.0,642.0
64.08142151799984,438.43481221539315,3544.11328125,5.0,642.0
64.35429873799876,440.17488891332243,3561.12109375,23.0,642.0
64.63525375400059,467.6371394598843,3549.2890625,23.0,642.0
64.9094203120003,420.70192966468085,3550.3203125,17.0,642.0
65.18395002000034,458.0597157083602,3562.63671875,19.0,642.0
65.45710134399997,433.82583055010787,3547.796875,19.0,642.0
65.72969932499836,444.6324200791207,3560.640625,17.0,642.0
66.00483877000079,473.81973892857,3564.19140625,17.0,642.0
66.27983371699884,465.9958351922337,3546.17578125,22.0,642.0
66.55665499300085,434.1613539817911,3561.984375,22.0,642.0
66.83331991800151,472.5738183099589,3547.73046875,10.0,642.0
67.10451530900173,437.2445252946945,3544.47265625,10.0,642.0
67.37672610400114,434.7799652848325,3562.8984375,6.0,642.0
67.65772397800174,405.49808572485813,3545.08203125,10.0,642.0
67.93281090700111,422.4984459376676,3562.64453125,10.0,642.0
68.20784126099898,458.27014425098423,3548.40234375,16.0,642.0
68.48038773699955,399.27942418074826,3545.1015625,16.0,642.0
68.75220773099863,412.85005694016917,3562.0625,20.0,642.0
69.0263536579987,406.5163441219913,3547.98046875,20.0,642.0
69.30070262699883,424.4185805558647,3544.7578125,16.0,642.0
69.57783315900087,429.5585879332867,3565.42578125,16.0,642.0
69.8570795500018,438.3122000656213,3544.68359375,21.0,642.0
70.13179802900049,398.4719207786555,3561.67578125,21.0,642.0
70.41018174599958,443.8628858468939,3564.67578125,15.0,642.0
70.68231908500093,395.1515818983877,3545.01171875,3.0,642.0
70.95605225599866,431.58269627826644,3562.25390625,3.0,642.0
71.23107558400079,456.34710666807797,3549.44140625,31.0,642.0
71.5042685010012,405.4603655768708,3545.66796875,31.0,642.0
71.77666495599988,417.2014646833591,3563.17578125,16.0,642.0
72.04958335799893,398.4025965401136,3545.46484375,16.0,642.0
72.33742407200043,434.7699748943299,3560.8984375,15.0,642.0
72.61555435199989,463.2325541837822,3548.31640625,15.0,642.0
72.89335159999973,448.8496588708851,3545.46484375,16.0,642.0
73.16606552200028,403.37727972603767,3563.09375,4.0,642.0
73.44069682600093,446.4443718320978,3548.9765625,4.0,642.0
73.7152092590004,429.453044118503,3559.3359375,21.0,642.0
73.989556859,458.62693896423036,3565.2578125,21.0,642.0
74.26934312099911,462.2853855505352,3546.2265625,12.0,642.0
74.54406713199933,442.36541086284643,3563.05078125,12.0,642.0
74.81986475200029,465.2520206648422,3548.40234375,26.0,642.0
75.09250729600171,429.12121594415265,3546.734375,26.0,642.0
75.36498105400096,459.9602578988347,3564.0625,9.0,642.0
75.6446757679987,435.25277349711666,3552.00390625,15.0,642.0
75.92398098099875,424.8613863142669,3562.05078125,15.0,642.0
76.1973825870009,472.5583067678927,3566.2578125,17.0,642.0
76.46943091399953,460.20463121844887,3546.68359375,17.0,642.0
76.74108373299896,445.4873704080902,3563.0078125,28.0,642.0
77.01538697299839,481.31987066677056,3550.62890625,28.0,642.0
77.29067953599952,421.0378905133156,3547.5625,14.0,642.0
77.56685305000065,436.9564562932939,3568.03125,14.0,642.0
77.84365493400037,441.9702576884267,3550.62890625,13.0,642.0
78.1153677930015,418.7008315257104,3561.30078125,13.0,642.0
78.39101466200009,436.81976304477786,3563.6875,20.0,642.0
78.67601021099836,443.63148984045546,3547.00390625,16.0,642.0
78.95008824199977,428.9333208154714,3564.359375,16.0,642.0
79.22396994999872,441.5983122190195,3550.71484375,23.0,642.0
79.49710281599982,383.3178391632155,3547.15234375,23.0,642.0
79.77003330300067,407.6554481788393,3564.78125,16.0,642.0
80.04114516000118,415.9176262061815,3551.640625,16.0,642.0
80.31385909199889,409.18041547263294,3562.87109375,15.0,642.0
80.5925367810014,425.29741230534574,3568.00390625,15.0,642.0
80.87044825200064,453.94239952169426,3550.125,21.0,642.0
81.15015945200139,480.52098020973375,3564.01953125,5.0,642.0
81.42783582099946,457.1195613728335,3549.0234375,5.0,642.0
81.70267332499861,455.12529469189974,3548.515625,14.0,642.0
81.98277244400015,454.6269208340591,3566.625,14.0,642.0
82.2663342900014,508.48871959792945,3553.0859375,13.0,642.0
82.5446309479994,468.3854306325788,3565.9921875,13.0,642.0
82.82016353200015,462.71188020234166,3550.5859375,27.0,642.0
83.09679649600002,411.30745358334167,3549.48046875,27.0,642.0
83.37642669300112,474.2864019062991,3567.1484375,14.0,642.0
83.65913854300015,459.820485064369,3549.76953125,8.0,642.0
83.92961024300166,413.70908675242595,3565.3515625,8.0,642.0
84.20613198900173,469.2090292239315,3569.640625,26.0,642.0
84.4828999909987,425.3580585565261,3550.109375,26.0,642.0
84.76200080299895,477.7409963245819,3568.65234375,14.0,642.0
85.0400366799986,462.4629791937509,3553.58984375,14.0,642.0
85.31413032600176,429.8581952484918,3562.76953125,26.0,642.0
85.5855688039992,433.46360054786237,3567.92578125,26.0,642.0
85.86182646599991,434.6250494210311,3549.73046875,10.0,642.0
86.13652145800006,435.7101639477095,3565.859375,10.0,642.0
86.41109290800159,443.4994971229565,3573.05859375,21.0,642.0
86.68466413100032,426.3847590451549,3552.21484375,17.0,642.0
86.96095630700074,458.08173735547786,3566.9609375,17.0,642.0
87.23571954400177,462.65432518370613,3553.265625,25.0,642.0
87.50749005300167,415.3129065230494,3555.41015625,25.0,642.0
87.7830353270001,438.7032237783466,3567.81640625,14.0,642.0
88.06028176000109,439.1620071792538,3549.98828125,14.0,642.0
88.34386596300101,455.34694328526166,3568.015625,10.0,642.0
88.6196357580011,464.97187989699637,3551.8125,10.0,642.0
88.892973850001,429.8610528094323,3550.25,29.0,642.0
89.16520359599963,439.5599737311677,3567.1484375,12.0,642.0
89.44375712500187,453.70346034634,3556.82421875,12.0,642.0
89.72162691099948,438.95668455673507,3565.68359375,17.0,642.0
89.99846635599897,462.57678345018076,3569.28125,17.0,642.0
90.2738152339989,439.83255308572603,3550.23828125,21.0,642.0
90.54643041999952,411.5544759114936,3566.70703125,21.0,642.0
90.81984354000087,433.8668897798831,3551.76953125,16.0,642.0
91.09583407299942,427.68930773658366,3550.32421875,16.0,642.0
91.37223993899897,448.8765082872809,3568.2734375,18.0,642.0
91.65112393299933,445.69033244641065,3550.94921875,16.0,642.0
91.92456867800138,383.0375310347025,3565.828125,16.0,642.0
92.19929355500062,429.27674147370567,3569.15234375,22.0,642.0
92.47549122299824,454.3557551002954,3552.00390625,22.0,642.0
92.74956297899917,441.8284531281393,3571.5,16.0,642.0
93.02449345499917,467.54692993728327,3551.02734375,16.0,642.0
93.29964346500128,447.25566246229596,3550.84375,27.0,642.0
93.57683107699995,540.2330173424868,3574.7578125,27.0,642.0
93.85516332800034,549.0003384472482,3572.3515625,21.0,642.0
94.13104916199882,536.1319131768789,3568.421875,21.0,642.0
94.40905048599961,509.18246705758116,3571.2109375,19.0,642.0
94.6865191379984,496.3778755107858,3550.33984375,8.0,642.0
94.96371427900158,478.58919719837354,3567.5546875,8.0,642.0
95.24161196099885,499.0566995854266,3552.26171875,21.0,642.0
95.52280669800166,463.70889224252653,3555.71875,21.0,642.0
95.80576478000148,513.876115403168,3568.69140625,15.0,642.0
96.08481710200067,505.4353211954647,3551.8125,15.0,642.0
96.35812093200002,426.8374138784577,3568.12109375,12.0,642.0
96.64034452600026,489.1741971079894,3551.7109375,32.0,642.0
96.92069156399884,471.70999538318404,3566.2734375,32.0,642.0
97.19730355499996,470.8761884421466,3569.69140625,23.0,642.0
97.47086354099883,466.4106833245923,3551.24609375,23.0,642.0
97.74162538599921,422.05355780405444,3567.12890625,13.0,642.0
98.01662907400168,457.7414976299117,3552.7890625,13.0,642.0
98.29516421899825,394.0899450995771,3551.296875,19.0,642.0
98.57068393699956,445.98114752504836,3568.2421875,19.0,642.0
98.85014013700129,458.9195015147456,3554.8359375,17.0,642.0
99.12548809800137,407.05331389749296,3567.3828125,17.0,642.0
99.39995454100062,411.10125801537833,3572.6171875,25.0,642.0
99.67804690000048,421.44559606565986,3552.5546875,18.0,642.0
99.95274239900027,435.7140922796532,3569.46875,18.0,642.0
100.22956093099856,408.6420774773119,3555.1328125,15.0,642.0
100.5000081879989,392.947597911358,3550.8203125,15.0,642.0
100.77584667599876,434.71453483336796,3569.41796875,23.0,642.0
101.05285855300099,415.58506893578385,3551.546875,23.0,642.0
101.33387742299965,445.1124581085817,3567.921875,11.0,642.0
101.60943477099863,425.2461451343053,3556.171875,11.0,642.0
101.88087114500013,418.31460657286186,3551.7890625,14.0,642.0
102.15193844999885,432.33063463906814,3569.3125,6.0,642.0
102.42623201899914,419.84870596757327,3555.1796875,6.0,642.0
102.69856988800166,410.2528980241418,3551.78515625,30.0,642.0
102.97185018099844,454.23729109313877,3571.25390625,30.0,642.0
103.24898553200183,453.32361802687365,3555.015625,18.0,642.0
103.52605048899932,464.87365777248345,3561.78515625,18.0,642.0
103.79980620700007,411.2904045339014,3523.625,18.0,642.0
104.0722768380001,359.67876479130763,3504.33203125,18.0,642.0
104.34488477700143,393.79153957611214,3520.578125,20.0,642.0
104.62595446699925,407.1719721926871,3504.2109375,20.0,642.0
104.90209526000035,749.7584755584148,3409.703125,16.0,510.0
105.17652425000051,349.21820759513776,3015.015625,0.0,510.0
105.44890040300015,306.45560957060013,2833.76171875,0.0,510.0
105.72791080100069,187.61988934870902,170.1875,0.0,177.0
106.1033527139989,93.06952364736742,113.921875,0.0,11.0
106.3769313140001,106.81793093418742,133.9375,0.0,11.0
106.65081676399859,685.8100713310504,296.3046875,0.0,11.0
106.94344155300132,1054.0484319567427,513.41796875,0.0,11.0
107.24301908300185,1060.1706342910113,629.8046875,0.0,11.0
107.53398784900128,1025.8248818383192,729.97265625,0.0,11.0
107.82169868799974,600.9544186860578,1111.0390625,0.0,11.0
108.09657933799826,323.433097238667,1358.30859375,0.0,11.0
108.36904470000081,311.28800878258596,1441.140625,0.0,11.0
108.64674899500096,318.4909329542513,1480.8046875,0.0,11.0
108.92869300299935,385.2552170593391,1587.21484375,0.0,90.0
109.20763262100081,204.1273319579227,1663.12109375,2.0,144.0
109.49515986500046,237.78129351834124,1744.7265625,2.0,279.0
109.76569809599823,251.08798763661383,1773.42578125,1.0,279.0
110.03600748199824,239.24548443167293,1791.6796875,1.0,279.0
110.30602898199868,280.02325740682517,1888.796875,1.0,283.0
110.58141973400052,535.9315769580156,2268.1875,1.0,318.0
110.87359781000123,555.5892564629174,2492.25390625,8.0,578.0
111.14883750399895,589.9603274567867,2536.7734375,10.0,578.0
111.42360133300099,575.9455332048994,2585.58984375,10.0,578.0
111.70013842199842,592.0898371846321,2614.51171875,6.0,578.0
111.97704007100037,559.495404084449,2708.7890625,6.0,586.0
112.251689798999,602.0009602952523,3245.82421875,8.0,594.0
112.53371555999911,612.5330515460622,3554.57421875,8.0,642.0
112.80874789500012,409.9419800933005,3533.71875,24.0,642.0
113.08211705999929,430.72377969314425,3551.67578125,24.0,642.0
113.35892136999973,475.3181046920449,3551.96484375,19.0,642.0
113.64015857399863,452.95180789984977,3550.89453125,23.0,642.0
113.91724448600144,472.79307364668364,3555.25,23.0,642.0
114.18838207700173,435.89640065759266,3533.80078125,5.0,642.0
114.46381241999916,423.0710339749666,3550.6796875,5.0,642.0
114.7383268550002,439.7043820283757,3534.39453125,18.0,642.0
115.01163746699967,440.05536089550026,3534.4921875,18.0,642.0
115.28867616099888,455.87386432150765,3551.890625,17.0,642.0
115.56591929199931,455.7808142767044,3536.3984375,17.0,642.0
115.83809177000148,432.063891482297,3549.3828125,17.0,642.0
116.11559956600104,462.8057368168724,3552.52734375,17.0,642.0
116.39764772600029,431.05262590730496,3534.125,21.0,642.0
116.66983217300003,436.8871965711965,3551.4140625,15.0,642.0
116.94554008900013,460.6124548123361,3537.48828125,15.0,642.0
117.22192036200067,435.096538166328,3548.23828125,18.0,642.0
117.49668419899899,442.61610744919295,3553.26953125,18.0,642.0
117.77206836700134,445.0317565058987,3533.92578125,6.0,642.0
118.04950487899987,443.55481228314966,3549.890625,6.0,642.0
118.33253985999909,484.04016887360746,3537.5234375,24.0,642.0
118.60879240299982,399.09171080356634,3534.4609375,24.0,642.0
118.88258807500097,424.5972887384242,3552.765625,21.0,642.0
119.15784643499865,410.9768001268117,3534.64453125,13.0,642.0
119.428678141001,384.6108032827382,3549.66796875,13.0,642.0
119.7040143109989,399.5018162736815,3554.859375,16.0,642.0
119.9795575950011,406.621414873994,3533.85546875,16.0,642.0
120.25314626299951,412.50794788275255,3550.578125,10.0,642.0
120.5259563590007,421.98768186165665,3538.0859375,10.0,642.0
120.7970409160007,403.66998847522746,3533.921875,16.0,642.0
121.06767523799863,411.9640080272305,3551.61328125,16.0,642.0
121.34007216900136,404.1381802458564,3537.85546875,6.0,642.0
121.61894768899947,398.1242240292464,3549.484375,6.0,642.0
121.89473424500102,414.8552476914699,3553.28515625,19.0,642.0
122.16848707800091,449.73160149926076,3534.96484375,19.0,642.0
122.43998188399928,419.88059248795827,3550.4609375,19.0,642.0
122.71482492599898,440.15776830228475,3554.23828125,7.0,642.0
122.98780498400083,394.17311574925054,3534.4296875,7.0,642.0
123.25782855700163,430.1372606444859,3551.62890625,31.0,642.0
123.53183466900009,429.42728226683215,3535.609375,31.0,642.0
123.80756212100096,437.1450833978688,3534.515625,5.0,642.0
124.08310566300133,439.4223835586537,3552.9921875,5.0,642.0
124.35806168600175,530.6786823861667,3542.46875,20.0,642.0
124.63664497799982,542.2604454004511,3569.7734375,20.0,642.0
124.91074413200113,517.5426407894871,3551.87109375,12.0,642.0
125.18504863099952,453.7971504460471,3534.640625,16.0,642.0
125.46119104000172,474.5319651316355,3551.984375,16.0,642.0
125.73934322399873,483.11646548655307,3538.21484375,12.0,642.0
126.01471322400175,419.63830482162837,3547.8203125,12.0,642.0
126.29567350499929,438.08434260884263,3553.85546875,11.0,642.0
126.57388980999895,411.32096841031637,3535.5234375,11.0,642.0
126.85018457499973,416.9937856031143,3553.91796875,14.0,642.0
127.12572563399954,443.52591386420517,3538.125,14.0,642.0
127.39908370700141,432.7733902308766,3534.9765625,10.0,642.0
127.66942658599874,434.19490254507906,3552.484375,19.0,642.0
127.94920761200046,437.8885221446113,3538.65234375,19.0,642.0
128.2268402430018,440.246881496494,3552.921875,12.0,642.0
128.50306705299954,442.58267327850973,3553.296875,12.0,642.0
128.78087580500141,406.1052763349903,3535.96875,16.0,642.0
129.05214334600169,386.6669768643477,3551.78125,16.0,642.0
129.32394176999878,454.42721184181335,3535.8203125,26.0,642.0
129.59963428500123,399.38951552247477,3535.66796875,26.0,642.0
129.8764736890007,427.9383580822361,3555.9609375,11.0,642.0
130.15522342500117,438.70929441811785,3535.82421875,27.0,642.0
130.42775989200163,367.7320730800751,3550.01171875,27.0,642.0
130.7030684659985,461.050660926521,3553.48828125,12.0,642.0
130.9795100529991,470.9591686713979,3535.00390625,12.0,642.0
131.25569022999844,456.16923476844767,3552.7265625,19.0,642.0
131.5350565560002,470.55384906758604,3538.90625,19.0,642.0
131.81090082599985,433.4206398420049,3535.75,19.0,642.0
132.09533420799926,436.9525796386988,3554.64453125,19.0,642.0
132.36989398700098,448.4069023060684,3535.7890625,15.0,642.0
132.64584342799935,410.28204148696545,3552.59375,15.0,642.0
132.92328967900175,433.0582935105498,3543.21875,15.0,642.0
133.1954349689986,388.8878620726005,3537.38671875,14.0,642.0
133.4705239670002,458.732995200591,3556.7109375,14.0,642.0
133.7448360749986,436.0511129924035,3541.9921875,27.0,642.0
134.01746740700037,441.19617182966033,3551.20703125,27.0,642.0
134.29240178200052,446.18902238008565,3557.390625,6.0,642.0
134.57422679700176,448.41193390674584,3539.77734375,6.0,642.0
134.84971419499925,449.12036230827977,3555.1171875,28.0,642.0
135.1284663410006,476.4770492541991,3540.03515625,28.0,642.0
135.4030570979994,403.5835044530736,3538.41015625,10.0,642.0
135.68303310299962,460.46981776136244,3556.63671875,17.0,642.0
135.9624548669999,443.1208157424401,3542.42578125,17.0,642.0
136.23467330600033,448.4718244960953,3554.2421875,13.0,642.0
136.5071151560005,436.5588473280536,3558.26953125,13.0,642.0
136.77896101499937,440.8490916188765,3538.3125,12.0,642.0
137.05366015400068,431.89687609262097,3555.59375,12.0,642.0
137.3314412030013,435.78314804235777,3542.54296875,22.0,642.0
137.6099348630014,420.355709354246,3539.76953125,22.0,642.0
137.8829656550006,454.76738755666906,3556.95703125,10.0,642.0
138.15594355600115,455.79843475954254,3539.58203125,30.0,642.0
138.42810506000023,440.79562405858337,3554.09765625,30.0,642.0
138.70601312700092,415.3211572649934,3558.6640625,18.0,642.0
138.98092352499953,428.9575834836052,3539.86328125,18.0,642.0
139.25511040900165,403.15896364738364,3556.78125,12.0,642.0
139.5306480049985,434.3363727444338,3542.25,12.0,642.0
139.8033040199989,425.8655361035497,3539.359375,32.0,642.0
140.0797234599995,435.47298988716125,3557.3671875,32.0,642.0
140.35546943499867,402.5425937779892,3540.1171875,5.0,642.0
140.63072038099926,415.1618792247575,3556.12890625,5.0,642.0
140.9097094710014,442.07140859541545,3562.93359375,25.0,642.0
141.18187579699952,398.92738237114725,3539.96875,10.0,642.0
141.45369037199998,420.629762034672,3557.40625,10.0,642.0
141.72908056600136,405.33360457795663,3541.52734375,14.0,642.0
142.00151950999862,422.56550517667006,3538.94921875,14.0,642.0
142.27520924700002,391.5667469820028,3558.0234375,13.0,642.0
142.55110041100124,418.43565529879857,3542.5078125,13.0,642.0
142.8279306229997,401.1433549767988,3554.5234375,12.0,642.0
143.10334979400068,412.4462345418841,3558.47265625,12.0,642.0
143.37817660200017,433.2030083477938,3539.95703125,15.0,642.0
143.65073241500068,444.20810059836873,3556.87109375,16.0,642.0
143.9280559580002,449.82224967542663,3542.8203125,16.0,642.0
144.20506073399883,417.22926828006746,3539.80859375,10.0,642.0
144.48088882199954,454.5215134133776,3558.11328125,10.0,642.0
144.75577127799988,452.71277698364815,3539.953125,17.0,642.0
145.0308514310018,435.5094276800429,3554.93359375,17.0,642.0
145.3148151739988,473.3111297290468,3541.08984375,27.0,642.0
145.59566659999837,451.6006979440915,3539.94921875,27.0,642.0
145.86854235099963,431.4930863880752,3557.1484375,14.0,642.0
146.14446926299934,429.44343174516797,3543.51953125,13.0,642.0
146.41770756199912,414.93121723792035,3554.66015625,13.0,642.0
146.6941556620004,464.2697851763185,3557.63671875,27.0,642.0
146.97456370700093,492.682725988647,3542.9609375,27.0,642.0
147.2530659639997,479.5731332281202,3556.59765625,11.0,642.0
147.53344369999832,458.45865593489725,3561.171875,11.0,642.0
147.81908835300055,449.6856449085857,3560.3515625,3.0,642.0
148.10251288400104,501.8902192335399,3558.12890625,3.0,642.0
148.38346082299904,455.2455535219707,3540.27734375,20.0,642.0
148.65680496099958,434.82512875313864,3556.81640625,23.0,642.0
148.93079007599954,418.4986472714657,3540.65234375,23.0,642.0
149.2073375180007,419.6639793887779,3540.0703125,17.0,642.0
149.47978395600148,421.360252835001,3558.79296875,17.0,642.0
149.7577991959988,448.4005984750946,3544.5625,27.0,642.0
150.03293164299976,421.60676163216317,3553.97265625,27.0,642.0
150.30784067499917,427.5930810459899,3559.36328125,10.0,642.0
150.5819303649987,390.72319721396497,3539.78125,10.0,642.0
150.85196574899965,394.4727480589206,3556.38671875,5.0,642.0
151.1291795649995,413.9941567705231,3562.84375,5.0,642.0
151.40714223300165,427.22283842477344,3541.04296875,14.0,642.0
151.68234143299924,473.21394830051037,3557.10546875,15.0,642.0
151.96219433100123,499.0182377850754,3557.48046875,15.0,642.0
152.23838209400128,485.9777223365773,3555.62890625,26.0,642.0
152.51609508500042,424.20089739470325,3559.48828125,26.0,642.0
152.79409939000107,474.23474251483924,3543.66015625,11.0,642.0
153.06830195699877,421.3687758837382,3556.8671875,11.0,642.0
153.34358614899975,425.702976797092,3544.61328125,24.0,642.0
153.6155610809983,402.9441213375561,3541.37890625,24.0,642.0
153.88855261700155,453.1287006587961,3558.7578125,14.0,642.0
154.1678943270017,427.28706715489955,3544.41796875,14.0,642.0
154.44710452599975,447.48078848249867,3556.87109375,14.0,642.0
154.72363721999864,490.1094985916744,3559.58203125,30.0,642.0
155.0073212870011,543.7115366745564,3547.5,30.0,642.0
155.28325788599977,569.1122546623743,3576.34375,14.0,642.0
155.56365601799916,575.9574746394916,3568.23046875,14.0,642.0
155.84251599799973,510.4504418300305,3556.8046875,13.0,642.0
156.11833533000026,442.88556249480706,3559.390625,13.0,642.0
156.3929202170002,479.8428691380446,3541.9375,10.0,642.0
156.6645164110014,438.99510609299426,3558.13671875,19.0,642.0
156.9439097530012,461.8503042212173,3496.59765625,19.0,642.0
157.220411074999,364.33026530269956,3493.69140625,15.0,642.0
157.49574021399894,408.9578037725251,3492.578125,15.0,642.0
157.78300266799852,626.8368785858349,3399.25390625,10.0,510.0
158.0633404399996,400.3021041330434,3002.734375,10.0,510.0
158.33710288899965,306.6625839542429,2820.4296875,0.0,510.0
158.61572728100145,194.67462848568235,749.82421875,0.0,344.0
