seed,scenario,samples,detections,range_rmse_m,bearing_mae_deg,estimated_range_rmse_m,formation_rmse_m,collision_samples,safe_stop_fraction,reacquisition_s,camera_model_p95_ms
0,straight,1001,301,0.01145099007252379,0.10458051373978651,0.003579437507446192,0.003084124058893343,0,0.0,nan,0.007539987564086914
1,straight,1001,301,0.010801044537807626,0.0997625692185527,0.0034372224348008878,0.0029788351776015836,0,0.0,nan,0.007198017556220293
2,straight,1001,301,0.011199114684088565,0.10814539392691315,0.003533484957359957,0.0031167506141528342,0,0.0,nan,0.020298000890761614
3,straight,1001,301,0.011462261793132197,0.10379584203003102,0.00302391724098202,0.002572002621135342,0,0.0,nan,0.006738991942256689
4,straight,1001,301,0.011850899345646988,0.10153259929202896,0.0039172029626608545,0.003920590202275,0,0.0,nan,0.005992013029754162
5,straight,1001,301,0.011027375662464369,0.10752635039429669,0.0033470774016997108,0.002988830936238055,0,0.0,nan,0.015405996236950159
6,straight,1001,301,0.011401461724810566,0.10938087735592196,0.0030418452875650157,0.0030514066181843522,0,0.0,nan,0.008811999578028917
7,straight,1001,301,0.010465398308307434,0.10075008613983984,0.002261914755393525,0.001407628407943008,0,0.0,nan,0.007527007255703211
0,s_curve,1001,301,0.011423064355174707,0.10438665272857059,0.005243460578297136,0.009519561507697047,0,0.0,nan,0.006741960532963276
1,s_curve,1001,301,0.010776821823027546,0.09956983932780929,0.00427061119315129,0.008246504778057108,0,0.0,nan,0.006969028618186712
2,s_curve,1001,301,0.01117408243353405,0.10794266939012405,0.004704046311927255,0.008751900501034113,0,0.0,nan,0.00827503390610218
3,s_curve,1001,301,0.011438106119542943,0.1036086197798846,0.0044980348356729915,0.008946266648021079,0,0.0,nan,0.011267024092376232
4,s_curve,1001,301,0.011820956850870186,0.10134998488302717,0.006233890543973775,0.011318470005495941,0,0.0,nan,0.009316019713878632
5,s_curve,1001,301,0.011015825518550522,0.10731804603763342,0.0034431810478152453,0.0074308074856934666,0,0.0,nan,0.01502997474744916
6,s_curve,1001,301,0.011369749652392592,0.10918151827142537,0.00391381568151446,0.008500318509715428,0,0.0,nan,0.00808702316135168
7,s_curve,1001,301,0.010433519711017133,0.10056076285014148,0.004137404857915463,0.008650350951990324,0,0.0,nan,0.00857905251905322
0,turn,1001,301,0.011225850124545795,0.1034289158066304,0.011758935048562106,0.01807779574379011,0,0.0,nan,0.011482974514365196
1,turn,1001,301,0.010589414482505648,0.0986374266081622,0.011734978179606384,0.017969477235328806,0,0.0,nan,0.009986048098653555
2,turn,1001,301,0.010980415237973138,0.10694582007733737,0.011550902006327784,0.017898322255756237,0,0.0,nan,0.009930983651429415
3,turn,1001,301,0.011246964481258509,0.10266476984830188,0.010746568221278405,0.017063797886012956,0,0.0,nan,0.010130985174328089
4,turn,1001,301,0.011621393149540518,0.10041294759530928,0.010161270884983692,0.016261980073258995,0,0.0,nan,0.010932970326393843
5,turn,1001,301,0.010810940076268023,0.10632430748074569,0.011070618445343664,0.01725779226597436,0,0.0,nan,0.0073499977588653564
6,turn,1001,301,0.011181559112763851,0.10817347434272892,0.01019576411140861,0.016635849290580217,0,0.0,nan,0.008578004781156778
7,turn,1001,301,0.010266273178309969,0.09962168966766984,0.010957487531017288,0.01740336607690446,0,0.0,nan,0.008344999514520168
0,occlusion,1001,283,0.011467885820839789,0.10506338059187575,0.005323025949303751,0.009188716751121845,0,0.0,0.030000000000001137,0.009251991286873817
1,occlusion,1001,283,0.010677794311088201,0.09644523438581129,0.005136393802280057,0.009702846781250045,0,0.0,0.030000000000001137,0.009797047823667526
2,occlusion,1001,283,0.011248469537289689,0.10715528098975455,0.005032613533913186,0.009249774289528277,0,0.0,0.030000000000001137,0.011177035048604012
3,occlusion,1001,283,0.01146073302165495,0.10361153794119618,0.00495273799971339,0.009728722305172495,0,0.0,0.030000000000001137,0.012369011528789997
4,occlusion,1001,283,0.01189539909312092,0.09990736190983845,0.007072563354381121,0.012387465207342862,0,0.0,0.030000000000001137,0.009128008969128132
5,occlusion,1001,283,0.010994979660292713,0.10914165575905917,0.0052277449431457285,0.010043721271747177,0,0.0,0.030000000000001137,0.008623988833278418
6,occlusion,1001,283,0.011528837631179949,0.10917993704095276,0.0046344195112771784,0.009573978149236202,0,0.0,0.030000000000001137,0.011063006240874529
7,occlusion,1001,283,0.010456668690196019,0.0996398096179709,0.00501742731737509,0.009713432306072469,0,0.0,0.030000000000001137,0.01105800038203597
