elapsed_s,scenario,follower_count,follower_index,predecessor,route_state,event,control_state,true_range_m,true_bearing_deg,spacing_error_m,estimated_range_m,estimated_bearing_deg,measurement_age_s,linear_cmd_mps,angular_cmd_rps,center_distance_m,collision_sample,inference_ms
2.0917834020001465,long_occlusion,1,1,leader,SETTLE,NONE,SAFE_STOP,1.42,3.2256490062403666e-18,-0.08000000000000007,nan,nan,-1.0,0.0,0.0,2.0,0,
2.292072770997038,long_occlusion,1,1,leader,SETTLE,NONE,SAFE_STOP,1.42,3.2256490062403666e-18,-0.08000000000000007,nan,nan,-1.0,0.0,0.0,2.0,0,
2.492363059998752,long_occlusion,1,1,leader,SETTLE,NONE,SAFE_STOP,1.42,3.2256490062403666e-18,-0.08000000000000007,nan,nan,-1.0,0.0,0.0,2.0,0,
2.6932328369985044,long_occlusion,1,1,leader,SETTLE,NONE,SAFE_STOP,1.42,3.2256490062403666e-18,-0.08000000000000007,nan,nan,-1.0,0.0,0.0,2.0,0,
2.892756858997018,long_occlusion,1,1,leader,SETTLE,NONE,SAFE_STOP,1.42,3.2256490062403666e-18,-0.08000000000000007,nan,nan,-1.0,0.0,0.0,2.0,0,
3.0920703140000114,long_occlusion,1,1,leader,SETTLE,NONE,SAFE_STOP,1.42,3.2256490062403666e-18,-0.08000000000000007,nan,nan,-1.0,0.0,0.0,2.0,0,
3.2922482949979894,long_occlusion,1,1,leader,SETTLE,NONE,SAFE_STOP,1.42,3.2256490062403666e-18,-0.08000000000000007,nan,nan,-1.0,0.0,0.0,2.0,0,
3.4918720120003854,long_occlusion,1,1,leader,SETTLE,NONE,TRACK,1.4200000024116894,0.008227757248284145,-0.07999999758831056,1.4759909647634764,-0.03114292205583965,0.014999999999999902,0.0,-0.000978090799047463,2.0000000000002016,0,5.661303997039795
3.691977998998482,long_occlusion,1,1,leader,SETTLE,NONE,TRACK,1.4200000007340385,0.004539296751864332,-0.07999999926596146,1.4761907242607701,0.00597884452380361,0.019999999999999796,0.0,0.0006282981998227729,2.0000000000000333,0,5.155072212219238
3.8919444370003475,long_occlusion,1,1,leader,SETTLE,NONE,TRACK,1.4200000019664245,0.007429544498699343,-0.07999999803357549,1.4761245255073407,-0.009080946399871823,0.025000000000000133,0.0,-0.00017562988844922435,2.000000000000139,0,5.633669853210449
4.0920295839969185,long_occlusion,1,1,leader,SETTLE,NONE,TRACK,1.4200000007903442,0.00471020962989294,-0.07999999920965584,1.4761876783031962,0.0018357855930918095,0.025000000000000355,0.0,0.0001991120810135214,2.0000000000000244,0,8.40505599975586
4.29190122199725,long_occlusion,1,1,leader,SETTLE,NONE,TRACK,1.420000000151523,0.0020624366211074528,-0.07999999984847705,1.476218460204943,0.0019846618156781955,0.02499999999999991,0.0,0.00014904387727990493,1.9999999999999982,0,5.185608863830566
4.492126807999739,long_occlusion,1,1,leader,SETTLE,NONE,TRACK,1.4200000056243849,0.012564963952986303,-0.07999999437561511,1.4760844401474158,-0.030479679168378782,0.03000000000000025,0.0,-0.0012033590652883578,2.000000000000393,0,5.305970191955566
4.691960272997676,long_occlusion,1,1,leader,SETTLE,NONE,TRACK,1.4200000067008776,0.013714751439493376,-0.07999999329912244,1.4761381299562664,-0.001970835853717565,0.029999999999999805,0.0,-1.0597547960122366e-06,2.0000000000005187,0,5.3312201499938965
4.892002089000016,long_occlusion,1,1,leader,SETTLE,NONE,TRACK,1.4200000054488084,0.012367132319559127,-0.07999999455119156,1.4761820283233393,0.0012261674311289288,0.03500000000000014,0.0,9.207687941315307e-05,2.0000000000005187,0,5.216671943664551
5.0918487349990755,long_occlusion,1,1,leader,SETTLE,NONE,TRACK,1.4200000048235626,0.011635887703825561,-0.07999999517643741,1.4761951058140563,0.0008846446627702824,0.03500000000000014,0.0,5.83770193967793e-05,2.0000000000005187,0,5.3412628173828125
5.291892324999935,long_occlusion,1,1,leader,SETTLE,NONE,TRACK,1.4200000043501695,0.011050097522772355,-0.07999999564983051,1.4762026910683053,0.0009869462723751457,0.10499999999999998,0.0,5.241453700966223e-05,2.0000000000005187,0,5.191318035125732
5.492120578997856,long_occlusion,1,1,leader,SETTLE,NONE,TRACK,1.4200000041287157,0.010765126020451097,-0.07999999587128426,1.4761991939920884,0.00046504719585041933,0.040000000000000036,0.0,2.5184833869756565e-05,2.0000000000005187,0,5.510653018951416
5.692187508997449,long_occlusion,1,1,leader,SETTLE,NONE,TRACK,1.4200000039147784,0.010482472369006152,-0.07999999608522157,1.4761980305119082,0.0003627733192320453,0.040000000000000036,0.0,1.7870245534994046e-05,2.0000000000005187,0,8.213611602783203
5.892079462999391,long_occlusion,1,1,leader,SETTLE,NONE,TRACK,1.420000003811302,0.010342988785595402,-0.07999999618869791,1.4761958426541217,0.0003406649264012906,0.029999999999999805,0.0,1.532817490316545e-05,2.0000000000005187,0,9.958748817443848
6.092116088999319,long_occlusion,1,1,leader,SETTLE,NONE,TRACK,1.4200000036083,0.010063730996605237,-0.07999999639169997,1.4761951667307247,0.00034790400119282075,0.040000000000000036,0.0,1.4767330085355783e-05,2.0000000000005187,0,5.177083969116211
6.29224067999894,long_occlusion,1,1,leader,SETTLE,NONE,TRACK,1.4200000035092712,0.009924651551409674,-0.07999999649072875,1.4761928893768297,0.0003252391494052164,0.040000000000000036,0.0,1.332200084196954e-05,2.0000000000005187,0,5.309575080871582
6.49182027599818,long_occlusion,1,1,leader,SETTLE,NONE,TRACK,1.4200000034104443,0.009783885613303584,-0.0799999965895557,1.4761890482357511,0.0003112044410761768,0.05000000000000071,0.0,1.2498840538117527e-05,2.0000000000005187,0,5.270620822906494
6.692119790997822,long_occlusion,1,1,leader,SETTLE,NONE,TRACK,1.4200000033128077,0.009642796847227873,-0.07999999668719227,1.4761826567451983,0.0003065156643114308,0.04499999999999993,0.0,1.218057998598402e-05,2.0000000000005187,0,5.314346790313721
6.8919472099987615,long_occlusion,1,1,leader,SETTLE,NONE,TRACK,1.4200000032170836,0.00950243882891372,-0.07999999678291636,1.4761703823857224,0.0002861909106687118,0.04999999999999982,0.0,1.1279532294962734e-05,2.0000000000005187,0,6.379258155822754
7.092181643998629,long_occlusion,1,1,leader,SETTLE,NONE,TRACK,1.4200000030334592,0.009227219300236658,-0.07999999696654081,1.4761594414200712,0.00030442611973035394,0.04999999999999982,0.0,1.2009062351311988e-05,2.0000000000005187,0,5.4896721839904785
7.291988320997916,long_occlusion,1,1,leader,SETTLE,NONE,TRACK,1.4200000030334592,0.009227219300236658,-0.07999999696654081,1.476157892074593,0.0002381787535083718,0.055000000000000604,0.0,9.278794060143671e-06,2.0000000000005187,0,9.431483268737793
7.492208878000383,long_occlusion,1,1,leader,SETTLE,NONE,TRACK,1.4200000029438185,0.009089838060752614,-0.07999999705618155,1.4761601893559482,0.00021401809825318313,0.0600000000000005,0.0,8.307912919531082e-06,2.0000000000005187,0,6.292294025421143
7.691849448998255,long_occlusion,1,1,leader,SETTLE,NONE,TRACK,1.4200000028555548,0.008952507724539375,-0.07999999714444517,1.4761647963562825,0.00022893281209493185,0.05999999999999961,0.0,8.962631469961322e-06,2.0000000000005187,0,8.577818870544434
7.89323191999938,long_occlusion,1,1,leader,SETTLE,NONE,TRACK,1.4200000027671305,0.008812782116339225,-0.07999999723286955,1.47616883589484,0.00022324019520084275,0.0649999999999995,0.0,8.732397841426075e-06,2.0000000000005187,0,6.222879886627197
8.092262635000225,long_occlusion,1,1,leader,SETTLE,NONE,TRACK,1.4200000026799418,0.00867280469631289,-0.07999999732005825,1.4761711022285033,0.00023521872049930368,0.04999999999999982,0.0,9.255036585790346e-06,2.0000000000005187,0,5.209628105163574
8.292045227997733,long_occlusion,1,1,leader,SETTLE,NONE,TRACK,1.4200000025946398,0.008533634151843017,-0.07999999740536023,1.476173991586631,0.00023986116317245007,0.0600000000000005,0.0,9.441606419556308e-06,2.0000000000005187,0,6.1318559646606445
8.492076335998718,long_occlusion,1,1,leader,SETTLE,NONE,TRACK,1.4200000025114436,0.008395678313102166,-0.07999999748855635,1.476179355052946,0.0003248653418159476,0.004999999999999893,0.0,1.3139637184979476e-05,2.0000000000005187,0,5.163131237030029
8.692032060997008,long_occlusion,1,1,leader,SETTLE,NONE,TRACK,1.4200000024286994,0.008256184575635579,-0.07999999757130061,1.4761824791467077,0.0003276211826801326,0.0649999999999995,0.0,1.3060578593166417e-05,2.0000000000005187,0,6.34050989151001
8.891935184998147,long_occlusion,1,1,leader,SETTLE,NONE,TRACK,1.4200000023470414,0.008116173011273218,-0.07999999765295862,1.4761779788602147,0.00025084606802353704,0.004999999999999893,0.0,9.73759026738799e-06,2.0000000000005187,0,5.138959884643555
9.092580233998888,long_occlusion,1,1,leader,SETTLE,NONE,TRACK,1.420000002266312,0.007975337550892421,-0.07999999773368804,1.4761828607744751,0.0002925104845319427,0.004999999999999893,0.0,1.1533616072621659e-05,2.0000000000005187,0,5.819363117218018
9.293768221999926,long_occlusion,1,1,leader,SETTLE,NONE,TRACK,1.4200000021882728,0.007836789072500997,-0.07999999781172717,1.4761794290800494,0.0002668030397110708,0.07000000000000028,0.0,1.0437833013809063e-05,2.0000000000005187,0,8.546154022216797
9.493807104998268,long_occlusion,1,1,leader,SETTLE,NONE,TRACK,1.4200000020369266,0.007560861756022823,-0.07999999796307344,1.4761773829988507,0.0002959011737285451,0.004999999999999893,0.0,1.1677626540754954e-05,2.0000000000005187,0,13.523775100708008
9.692491734000214,long_occlusion,1,1,leader,SETTLE,NONE,TRACK,1.420000001962555,0.007421512918935312,-0.07999999803744506,1.4761787091643015,0.00029837863550101305,0.0600000000000005,0.0,1.1754757998303554e-05,2.0000000000005187,0,13.2568359375
9.892343817999063,long_occlusion,1,1,leader,SETTLE,NONE,TRACK,1.4470734712032876,0.007259320736999952,-0.052926528796712446,1.4761785705617594,0.00030011711183034953,0.009999999999999787,0.0,1.179980196719904e-05,2.0270734693202694,0,5.919460773468018
10.092077045999758,long_occlusion,1,1,leader,STRAIGHT,NONE,TRACK,1.510608464012327,0.010195743163102096,0.010608464012326957,1.4876551858544598,-0.001031536692756416,0.015000000000000568,0.010833820295606311,-4.926154944879051e-05,2.0906084602723203,0,5.987572193145752
10.291988033997768,long_occlusion,1,1,leader,STRAIGHT,NONE,TRACK,1.565182921933406,0.021605304936092744,0.06518292193340591,1.5320014569339186,-0.02205847152725051,0.014999999999998792,0.12348350473397943,-0.0009009186263980577,2.145182905043993,0,5.524847030639648
10.492379293998965,long_occlusion,1,1,leader,STRAIGHT,NONE,TRACK,1.604782734808515,0.02662755800309496,0.10478273480851508,1.5450888325875685,-0.010345533185657311,0.15499999999999936,0.16139900397299406,-0.0003909506851207471,2.1847827090515457,0,5.524847030639648
10.691825347999838,long_occlusion,1,1,leader,STRAIGHT,NONE,TRACK,1.604236354023484,0.03698904640650885,0.10423635402348408,1.6245999263463828,-0.019701090244511152,0.019999999999999574,0.3439134735971683,-0.0008088778208618488,2.1842363042680146,0,6.99703311920166
10.892130468997493,long_occlusion,1,1,leader,STRAIGHT,NONE,TRACK,1.5907435418268818,0.04770135154662234,0.09074354182688182,1.644816811708538,-0.01995475074656955,0.009999999999999787,0.41277509163875103,-0.0008015336133915798,2.170743458956338,0,6.0502848625183105
11.09205647699855,long_occlusion,1,1,leader,STRAIGHT,NONE,TRACK,1.5762928367563487,0.043261987492609,0.07629283675634868,1.641638052729418,0.010836853905343807,0.025000000000000355,0.4285763351667326,0.0005039335230033638,2.156292768157934,0,5.342659950256348
11.291832753999188,long_occlusion,1,1,leader,STRAIGHT,NONE,TRACK,1.563523207434137,0.028573940250859277,0.06352320743413697,1.6269790813198792,0.03220194318285391,0.025000000000000355,0.41229730204117176,0.001349466272012384,2.1435231765979204,0,7.976086139678955
11.491955911998957,long_occlusion,1,1,leader,STRAIGHT,NONE,TRACK,1.5538157554487846,0.02032855279101958,0.053815755448784586,1.6154897632954004,0.0186424120368622,0.02999999999999936,0.4008239135688761,0.0007285330103405889,2.133815738904696,0,5.686034202575684
11.692234750997159,long_occlusion,1,1,leader,STRAIGHT,NONE,TRACK,1.5468608916024298,0.023308917619235113,0.04686089160242979,1.6050989300264478,-0.014669623346213315,0.02999999999999936,0.3887607787676302,-0.0006705240343627528,2.1268608701057365,0,5.6059088706970215
11.89254832900042,long_occlusion,1,1,leader,STRAIGHT,NONE,TRACK,1.5395575177805638,0.019350747896113227,0.03955751778056382,1.5975045853999241,0.0031092806498329816,0.030000000000001137,0.3813588700853198,0.00010763068027308116,2.119557502076592,0,7.663837909698486
12.091830271998333,long_occlusion,1,1,leader,STRAIGHT,NONE,TRACK,1.5362415345922682,0.015109970943503713,0.0362415345922682,1.5906646661992323,0.008687244345373952,0.03999999999999915,0.37389138857824344,0.0003509614887476794,2.116241524019259,0,5.218327045440674
12.291879558997607,long_occlusion,1,1,leader,STRAIGHT,NONE,TRACK,1.5328409791338558,0.010164723168120293,0.03284097913385575,1.584196139769241,0.016528423893320956,0.040000000000000924,0.3655583452372074,0.0006719970503088419,2.1128409730095874,0,5.502417087554932
12.491882188998716,long_occlusion,1,1,leader,STRAIGHT,NONE,TRACK,1.5302381278262316,0.012121575505087034,0.030238127826231587,1.581102295189259,-0.0015328792167369051,0.04499999999999993,0.36416580329680937,-9.123989413698007e-05,2.1102381200974047,0,5.3266801834106445
12.69204623999758,long_occlusion,1,1,leader,STRAIGHT,NONE,TRACK,1.5274328250584637,0.017084799748208077,0.027432825058463672,1.5784221272459322,-0.0071544637942268195,0.04499999999999993,0.36281730346997754,-0.00030794164705344424,2.107432811972651,0,5.542578220367432
12.89202263900006,long_occlusion,1,1,leader,STRAIGHT,NONE,TRACK,1.5255498694244396,0.02079659669872585,0.025549869424439597,1.5757727124461434,-0.006743095015835739,0.04499999999999993,0.36083069643926696,-0.0002802880134122469,2.1055498510959323,0,5.2495808601379395
13.092128855998453,long_occlusion,1,1,leader,STRAIGHT,NONE,TRACK,1.523281647006883,0.022587021458151082,0.023281647006883066,1.5741224637678781,-0.007035819172372071,0.04499999999999993,0.3606632503436449,-0.00028179680041241767,2.1032816255805917,0,5.289172172546387
13.29202995399828,long_occlusion,1,1,leader,STRAIGHT,NONE,TRACK,1.5209141942686075,0.021826938112646407,0.020914194268607522,1.5733910076909698,-0.0004268242260693334,0.05000000000000071,0.3622745348039691,-1.0778019231745583e-05,2.100914173796256,0,5.213501930236816
13.49207060399931,long_occlusion,1,1,leader,STRAIGHT,NONE,TRACK,1.518005969133313,0.022405932597063197,0.018005969133312982,1.5725566752453088,0.011551706728893591,0.054999999999999716,0.36327854471189663,0.0004993637094802809,2.098005947480653,0,5.460989952087402
13.691992897998716,long_occlusion,1,1,leader,STRAIGHT,NONE,TRACK,1.516051272475781,0.03303739898450582,0.016051272475781087,1.57032683074841,-0.019111251212111716,0.049999999999998934,0.3603210489194838,-0.0007886502690033376,2.0960512291451545,0,13.81452465057373
13.892006653997669,long_occlusion,1,1,leader,STRAIGHT,NONE,TRACK,1.514934324619526,0.0375036142479084,0.01493432461952593,1.5680339168920616,-0.012642351655751992,0.05000000000000071,0.35661237945362856,-0.0004961054514419594,2.094934269401082,0,5.194793224334717
14.091993791997083,long_occlusion,1,1,leader,STRAIGHT,NONE,TRACK,1.513936221362841,0.042169820825659045,0.013936221362840895,1.5667499958669164,-0.005999107845083546,0.054999999999999716,0.35496083574885384,-0.00022195792782410891,2.0939361519489914,0,5.393858909606934
14.291937169000448,long_occlusion,1,1,leader,STRAIGHT,NONE,TRACK,1.513111205088496,0.042270955801380274,0.013111205088496058,1.5659523703413476,-0.0072260563443633736,0.05500000000000149,0.35427203213242164,-0.00027534700932169257,2.093111134510775,0,5.699581146240234
14.492424569998548,long_occlusion,1,1,leader,STRAIGHT,NONE,TRACK,1.5122761086013423,0.0333077423200358,0.012276108601342317,1.5658141671603771,0.01636288005929245,0.0600000000000005,0.35507272612146357,0.0006870470195701364,2.0922760616329144,0,5.084849834442139
14.692095713999151,long_occlusion,1,1,leader,STRAIGHT,NONE,TRACK,1.5121252488064187,0.025401940920107235,0.012125248806418742,1.5640693672766162,0.01779729904637701,0.125,0.3515775890355961,0.0007205702894857816,2.0921252180716694,0,5.088994026184082
14.89171996299774,long_occlusion,1,1,leader,STRAIGHT,NONE,TRACK,1.512345748470206,0.02839362035472793,0.012345748470206086,1.5627934856595356,-0.0066178575312112,0.0600000000000005,0.34896499349103544,-0.00030383382257565634,2.0923457115470896,0,5.971569061279297
15.091971513997123,long_occlusion,1,1,leader,STRAIGHT,LONG_OCCLUSION,TRACK,1.5171758232149701,0.026745027478742522,0.017175823214970132,1.5625400089888006,0.004053463343201576,0.1349999999999998,0.3487138982740156,0.0001540178137683186,2.0971757892621676,0,4.735173225402832
15.291975975997047,long_occlusion,1,1,leader,STRAIGHT,LONG_OCCLUSION,PREDICT,1.5513378315958988,0.0242100021482873,0.051337831595898775,1.5717386263640774,0.0039783317166164215,0.33500000000000085,0.19609299767365046,0.00015165748410699687,2.131337802308279,0,4.883327960968018
15.49236486999871,long_occlusion,1,1,leader,STRAIGHT,LONG_OCCLUSION,PREDICT,1.5788395012923175,0.022017497522350726,0.07883950129231754,1.6013220724988404,0.0038784079244230775,0.5350000000000001,0.20992325874165219,0.00014851828559226245,2.158839475706083,0,10.278854370117188
15.693940853998356,long_occlusion,1,1,leader,STRAIGHT,LONG_OCCLUSION,PREDICT,1.6264166007386933,0.020703529342259653,0.12641660073869332,1.628301116182168,0.003812383364020641,0.7349999999999994,0.2225359616636079,0.00014644406285309452,2.2064165774418436,0,4.90670919418335
15.89228108899988,long_occlusion,1,1,leader,STRAIGHT,LONG_OCCLUSION,SAFE_STOP,1.6981665911891641,0.019984917896877053,0.19816659118916413,1.6800862856648784,0.004710558564227632,0.9350000000000005,0.0,0.0,2.2781665693785036,0,10.744952201843262
16.091911682997306,long_occlusion,1,1,leader,STRAIGHT,LONG_OCCLUSION,SAFE_STOP,1.7576665834575294,0.019433495384418537,0.25766658345752935,1.7496286128727687,0.006238895245264379,1.1349999999999998,0.0,0.0,2.337666562763605,0,5.503674030303955
16.291962657000113,long_occlusion,1,1,leader,STRAIGHT,NONE,SAFE_STOP,1.8238192553572041,0.018603136088641135,0.3238192553572041,1.8191709400806595,0.007767231926301125,1.3350000000000009,0.0,0.0,2.4038192361090394,0,4.834134101867676
16.491812751999532,long_occlusion,1,1,leader,STRAIGHT,NONE,TRACK,1.7832498370637557,0.04157311109232787,0.2832498370637557,1.8584590471389497,-0.06830774687746137,0.015000000000000568,0.6,-0.0024085477274983767,2.3632497660357448,0,5.627778053283691
16.69164383899988,long_occlusion,1,1,leader,STRAIGHT,NONE,TRACK,1.7358993435209784,0.053420857656300266,0.2358993435209784,1.8232225464319454,-0.022903948364743708,0.02000000000000135,0.6,-0.0005660618212048798,2.315899229292521,0,5.209222793579102
16.891842613000335,long_occlusion,1,1,leader,STRAIGHT,NONE,TRACK,1.6964561759363885,0.0670655027347793,0.19645617593638853,1.7809312849194512,-0.025395431097911134,0.019999999999999574,0.5625648403948729,-0.0008369531706354941,2.2764559990987756,0,5.175802230834961
17.091874450998148,long_occlusion,1,1,leader,STRAIGHT,NONE,TRACK,1.6643335551567948,0.08207265840390078,0.16433355515679482,1.7367558217385242,-0.02359802914976003,0.019999999999999574,0.5080828071966912,-0.0008371893498917461,2.2443332931189244,0,5.161923885345459
17.29206124600023,long_occlusion,1,1,leader,STRAIGHT,NONE,TRACK,1.6369502806875516,0.11117758512247704,0.13695028068755155,1.7050236701023405,-0.045602340314782094,0.02000000000000135,0.47449757176549345,-0.0017964491527449312,2.216949808268522,0,5.592592239379883
17.491626052997162,long_occlusion,1,1,leader,STRAIGHT,NONE,TRACK,1.6158854409392798,0.11662707888871716,0.11588544093927977,1.6863251749772044,-0.007141709714688833,0.025000000000000355,0.4671183789049878,-0.00013412068565236805,2.195884917095337,0,5.116061210632324
17.691996202000155,long_occlusion,1,1,leader,STRAIGHT,NONE,TRACK,1.5964385114425685,0.09589944296142927,0.09643851144256854,1.666952005086356,0.0362937786260407,0.02000000000000135,0.45144766748984455,0.0016246884420242007,2.1764381407800246,0,5.458274841308594
17.892141832999187,long_occlusion,1,1,leader,STRAIGHT,NONE,TRACK,1.5791727476835993,0.05915666191761246,0.07917274768359928,1.6502133558686494,0.06207503093983299,0.025000000000000355,0.43714074843264994,0.002557253135678632,2.1591725792347773,0,9.74057674407959
18.092674416999216,long_occlusion,1,1,leader,STRAIGHT,NONE,TRACK,1.566554999609001,0.03247940122102927,0.06655499960900091,1.6300717935731468,0.05590778756118486,0.03500000000000014,0.4103642171667636,0.0022234827814954124,2.1465549187228676,0,5.796411037445068
18.291883058998792,long_occlusion,1,1,leader,STRAIGHT,NONE,TRACK,1.5577083962839742,0.021795185968213646,0.05770839628397417,1.6175837963262427,0.022862784431516202,0.03500000000000014,0.3975125093154663,0.0008189470813001575,2.1377083371047743,0,6.541337966918945
18.491734109997196,long_occlusion,1,1,leader,STRAIGHT,NONE,TRACK,1.54988740048874,0.022686156384240288,0.049887400488739964,1.6076659653358163,-0.0033349337817230253,0.03500000000000014,0.3877378245321931,-0.0002631618680069096,2.129887341204768,0,5.600043773651123
18.69202118300018,long_occlusion,1,1,leader,STRAIGHT,NONE,TRACK,1.543900665444967,0.02399980104685992,0.04390066544496696,1.6003705184930934,-0.0012849230710762598,0.03999999999999915,0.38201461488234467,-8.689289878606443e-05,2.123900604958907,0,5.561070919036865
18.892136221998953,long_occlusion,1,1,leader,STRAIGHT,NONE,TRACK,1.5391332803914792,0.019599382411108653,0.03913328039147923,1.5937299997733811,0.00280451157114577,0.03999999999999915,0.3757939944288809,9.433053813217254e-05,2.1191332278937582,0,5.647305965423584
19.09207891299957,long_occlusion,1,1,leader,STRAIGHT,NONE,TRACK,1.5357864816027327,0.011395417087348942,0.03578648160273268,1.5864312074262912,0.010072149302365368,0.045000000000001705,0.366012221792459,0.00039343763165978514,2.1157864399203925,0,5.71658992767334
19.292070006998983,long_occlusion,1,1,leader,STRAIGHT,NONE,TRACK,1.5329400669160889,0.005106177464909884,0.03294006691608886,1.582773101464751,0.017762921906093555,0.03999999999999915,0.3639775121825208,0.0007106697413578767,2.112940031140573,0,5.253448009490967
19.491821430998243,long_occlusion,1,1,leader,STRAIGHT,NONE,TRACK,1.5298404779510477,0.009721903502535894,0.029840477951047717,1.5807128476312815,-0.006285603722220112,0.10999999999999943,0.36492195025912116,-0.0002965457453628663,2.10984044184162,0,5.110403060913086
19.691888077999465,long_occlusion,1,1,leader,STRAIGHT,NONE,TRACK,1.5272105857247102,0.014188039266316704,0.027210585724710246,1.578044512522075,-0.008640753997422937,0.04999999999999716,0.3634725164432797,-0.0003601913566515586,2.107210547266625,0,7.180431842803955
19.891824679998535,long_occlusion,1,1,leader,STRAIGHT,NONE,TRACK,1.5247056019111684,0.017692790356185394,0.02470560191116844,1.5752537699343185,-0.00689561375902763,0.05000000000000071,0.3609322528393605,-0.0002808652260016652,2.1047055607488323,0,5.24600076675415
20.092080960999738,long_occlusion,1,1,leader,STRAIGHT,NONE,TRACK,1.5224556385033292,0.01895117995979162,0.02245563850332921,1.5740308864818493,-0.007194128834879368,0.054999999999999716,0.361683759493052,-0.0002861216894453448,2.1024555965383094,0,5.371139049530029
20.291785712997807,long_occlusion,1,1,leader,STRAIGHT,NONE,TRACK,1.5195807109751234,0.019711010962974198,0.019580710975123372,1.5732187522736096,-0.004487793057169556,0.054999999999999716,0.3630665613975708,-0.00018363183934857214,2.099580668817471,0,5.569602012634277
20.492035613999178,long_occlusion,1,1,leader,STRAIGHT,NONE,TRACK,1.517280714770267,0.024504703638697008,0.017280714770266936,1.5719533221501625,-0.009213277400057895,0.054999999999999716,0.36290076586266634,-0.00038659302525321127,2.0972806655559464,0,5.521472930908203
20.691928324999026,long_occlusion,1,1,leader,STRAIGHT,NONE,TRACK,1.5156389499255765,0.03131130574904074,0.015638949925576462,1.5692393505521434,-0.011841288056986869,0.05999999999999872,0.35847209283789344,-0.00048089754077350956,2.095638887246192,0,5.6271138191223145
20.89167952599746,long_occlusion,1,1,leader,STRAIGHT,NONE,TRACK,1.5143772260757995,0.03590573737964805,0.014377226075799499,1.5679479288142544,-0.008711650045446795,0.05500000000000327,0.3571711132407162,-0.0003332051730300808,2.094377152099501,0,5.187626838684082
21.09277081399705,long_occlusion,1,1,leader,STRAIGHT,NONE,TRACK,1.5133503323200002,0.04040797405337231,0.013350332320000158,1.5662792540356156,-0.007482694085493777,0.045000000000001705,0.3547872967581582,-0.0002832100275521947,2.0933502454855373,0,5.237881183624268
21.291948533998948,long_occlusion,1,1,leader,STRAIGHT,NONE,TRACK,1.5123310553778213,0.034758314673362906,0.01233105537782131,1.56604970170282,0.007766808406209629,0.06500000000000128,0.3551291016875492,0.0003590718612345242,2.0923309833309265,0,5.248054027557373
21.492050189997826,long_occlusion,1,1,leader,STRAIGHT,NONE,TRACK,1.5120595422007033,0.026036241220248783,0.012059542200703266,1.564382027626405,0.01728620135560414,0.06499999999999773,0.35189411133731063,0.0007201537560509622,2.092059489363499,0,5.131266117095947
21.691934583999682,long_occlusion,1,1,leader,STRAIGHT,NONE,TRACK,1.5122554668937338,0.022649185338872186,0.012255466893733802,1.5629909941143678,0.008802500977839578,0.07000000000000028,0.34903295058929673,0.0003491811596010668,2.092255420580858,0,5.301509857177734
21.891992616998323,long_occlusion,1,1,leader,STRAIGHT,NONE,TRACK,1.5124670873191206,0.03060663734860178,0.012467087319120607,1.562762882940809,-0.014371559384716489,0.005000000000002558,0.3489119635731585,-0.0006002360447885124,2.092467026096877,0,5.0972161293029785
22.09202217299753,long_occlusion,1,1,leader,STRAIGHT,NONE,TRACK,1.5126649786529527,0.028280034236254224,0.012664978652952685,1.562667837700181,0.008889815823352494,0.005000000000002558,0.34906419299079555,0.0004242185739137054,2.092664922444972,0,5.206483840942383
22.29180735599948,long_occlusion,1,1,leader,STRAIGHT,NONE,TRACK,1.512772716565203,0.0322937498776476,0.012772716565202957,1.5627027405507847,-0.00782316428218025,0.010000000000001563,0.34952444836166213,-0.0003060720263676147,2.0927726516931,0,5.102377891540527
22.491904499998782,long_occlusion,1,1,leader,STRAIGHT,NONE,TRACK,1.512581450475163,0.03007747943650551,0.012581450475162903,1.5631763056110615,0.00556420535746531,0.00999999999999801,0.35103807426740663,0.0002849073256451591,2.092581390501113,0,5.141477108001709
22.692060694000247,long_occlusion,1,1,leader,STRAIGHT,NONE,TRACK,1.512437661309476,0.02876724653646442,0.0124376613094761,1.5628554464419158,-0.00040699269745273116,0.014999999999997016,0.3506428461238326,-4.8478005541743536e-05,2.0924376043920554,0,5.4683451652526855
22.891739011996833,long_occlusion,1,1,leader,STRAIGHT,NONE,TRACK,1.512281632547253,0.03483891878236085,0.012281632547253007,1.5628162548477336,-0.014753433177924158,0.015000000000000568,0.3508748261929579,-0.000621310381942334,2.092281561645167,0,5.357351779937744
23.091777224999532,long_occlusion,1,1,leader,STRAIGHT,NONE,TRACK,1.51206178411273,0.026400599320018977,0.012061784112729956,1.5627750534733493,0.01523693684084519,0.015000000000000568,0.35106808738716505,0.000634093627252937,2.092061731834185,0,5.332090854644775
23.291851751997456,long_occlusion,1,1,leader,STRAIGHT,NONE,TRACK,1.5117577602030108,0.02501591959881925,0.01175776020301078,1.562785013646555,-0.004314996404689295,0.015000000000000568,0.3513675681833892,-0.0002284766972037036,2.091757710895921,0,5.501575946807861
23.491933694996987,long_occlusion,1,1,leader,STRAIGHT,NONE,TRACK,1.511462114072641,0.02128244135817832,0.011462114072640972,1.5627795720175872,0.006741885290208757,0.015000000000000568,0.3516222937234113,0.00026804473561333267,2.091462071438188,0,5.42961311340332
23.69184735499948,long_occlusion,1,1,leader,STRAIGHT,NONE,TRACK,1.5111009879256407,0.02058340136029256,0.011100987925640737,1.5627523517408433,0.007722184079258011,0.019999999999999574,0.35180622768570285,0.0003043204066735598,2.091100947027561,0,5.764091968536377
23.89223457600019,long_occlusion,1,1,leader,STRAIGHT,NONE,TRACK,1.510654818382937,0.01722573253160286,0.010654818382936915,1.5627736151587561,0.005481224701677812,0.02500000000000213,0.3520840543165065,0.00021625028637654541,2.0906547828081,0,5.897368907928467
24.092574731999775,long_occlusion,1,1,leader,STRAIGHT,NONE,TRACK,1.5104605253646912,0.015493353107282132,0.01046052536469122,1.562330878458873,0.0063331509696367755,0.019999999999999574,0.3511122547661353,0.00024576753688838405,2.0904604929475084,0,7.356733798980713
24.292324019999796,long_occlusion,1,1,leader,STRAIGHT,NONE,TRACK,1.5105798137711661,0.018726075645746743,0.010579813771166124,1.5616417240507203,-0.006726032020455723,0.015000000000000568,0.34945400101825913,-0.00029727092042469185,2.0905797780001834,0,9.754753112792969
24.492077404000156,long_occlusion,1,1,leader,STRAIGHT,NONE,TRACK,1.5107808385038313,0.02240546256454211,0.01078083850383127,1.5614062800154216,-0.007388526605738239,0.08500000000000085,0.348860570277315,-0.00030720818961478026,2.090780797760082,0,7.933075904846191
24.692404470999463,long_occlusion,1,1,leader,STRAIGHT,NONE,TRACK,1.5105051226241595,0.01792370748699628,0.01050512262415948,1.562454328491051,0.007051151396685411,0.029999999999997584,0.35135101658905993,0.0002780866731861769,2.0905050889390755,0,6.895010948181152
24.892196557997522,long_occlusion,1,1,leader,STRAIGHT,NONE,TRACK,1.5105264948663786,0.014518964559425643,0.010526494866378577,1.5617944536958934,0.00661774822111913,0.030000000000001137,0.34983952982013167,0.00025541841668679107,2.0905264658061933,0,5.8071770668029785
25.092012363998947,long_occlusion,1,1,leader,STRAIGHT,NONE,TRACK,1.5107260072590858,0.0181516111997393,0.01072600725908579,1.561517264176252,-0.006266419493654839,0.02500000000000213,0.34917644768485834,-0.0002699415343580291,2.0907259746814613,0,7.127110958099365
25.292336785998486,long_occlusion,1,1,leader,STRAIGHT,NONE,TRACK,1.510763248022095,0.017623718821407404,0.01076324802209494,1.5617942145300243,0.0006810805914345286,0.030000000000001137,0.3498799335319561,4.663767744164473e-05,2.0907632165754078,0,7.884665012359619
25.491912221998064,long_occlusion,1,1,leader,STRAIGHT,NONE,TRACK,1.5105085052975298,0.01592341441771458,0.01050850529752978,1.5624779398455755,0.007110587499284513,0.03500000000000014,0.35154812439533295,0.00029525477030929167,2.0905084764915447,0,5.53814697265625
25.692270201998326,long_occlusion,1,1,leader,STRAIGHT,NONE,TRACK,1.5104860473201867,0.019419200722484938,0.010486047320186653,1.5619259168843944,-0.006330625232692909,0.04499999999999815,0.35018109549760185,-0.0002748452893750515,2.0904860145948607,0,5.512533187866211
25.89209880999988,long_occlusion,1,1,leader,STRAIGHT,NONE,TRACK,1.486835825699672,0.019064389489434362,-0.013164174300327902,1.5614787177750806,0.0011093007988302133,0.045000000000001705,0.3490734154381505,5.878483289018808e-05,2.066835793382602,0,5.2034430503845215
26.092005250997317,long_occlusion,1,1,leader,COMPLETE,NONE,TRACK,1.4237383044739802,0.022173018935071075,-0.0762616955260198,1.5533523478578484,-0.01275448280545113,0.03999999999999915,0.32808277200018326,-0.0005342332632057648,2.0037382666950396,0,8.40092945098877
26.29177686699768,long_occlusion,1,1,leader,COMPLETE,NONE,TRACK,1.3806305366355398,0.017167034143456807,-0.1193694633644602,1.513707599994052,0.01196720076423573,0.04499999999999815,0.22650090894110178,0.0005072223060064604,1.960630505242505,0,6.319799900054932
26.491876526997657,long_occlusion,1,1,leader,COMPLETE,NONE,TRACK,1.3578096554085564,0.011229429665805127,-0.14219034459144364,1.4706492290879143,0.022388417669678466,0.04499999999999815,0.10975777940830339,0.0009381186892210317,1.9378096297759837,0,7.582462787628174
26.69244520400025,long_occlusion,1,1,leader,COMPLETE,NONE,TRACK,1.352269157762138,0.034298390979730635,-0.14773084223786204,1.4427016289792705,-0.0467046299505247,0.04999999999999716,0.0242820492221991,-0.0019666549627818408,1.9322690949497199,0,5.7944560050964355
26.891940964997048,long_occlusion,1,1,leader,COMPLETE,NONE,TRACK,1.3522692143627204,0.05271035765599982,-0.1477307856372796,1.426695017999523,-0.026886681495467406,0.05000000000000071,0.0,-0.0010716171987150318,1.9322690949502,0,6.113694190979004
27.091874399997323,long_occlusion,1,1,leader,COMPLETE,NONE,TRACK,1.3522692536544307,0.06237369687133944,-0.14773074634556926,1.4185004801712322,-0.020866786176974753,0.120000000000001,0.0,-0.0008213254379499885,1.932269094950602,0,6.693687915802002
27.29211398299958,long_occlusion,1,1,leader,COMPLETE,NONE,TRACK,1.3522692356049852,0.05813447744078355,-0.14773076439501476,1.4096345149885083,0.007702119502290789,0.054999999999999716,0.0,0.0003916291655687276,1.9322690949502965,0,5.847498893737793
27.49188591100028,long_occlusion,1,1,leader,COMPLETE,NONE,TRACK,1.3522692397207845,0.05912786756442265,-0.1477307602792155,1.4069788001148655,-0.0006187755122571122,0.125,0.0,1.0704466837602546e-05,1.9322690949505017,0,5.470156192779541
27.691929931999766,long_occlusion,1,1,leader,COMPLETE,NONE,TRACK,1.3522692509678136,0.06176104485675378,-0.14773074903218641,1.405179122807358,-0.004526433193845995,0.129999999999999,0.0,-0.00016065683718700615,1.9322690949509458,0,5.132096767425537
27.891926696000155,long_occlusion,1,1,leader,COMPLETE,NONE,TRACK,1.3522692418423787,0.05963338537315644,-0.14773075815762127,1.405422813660901,-0.005139106113038911,0.060000000000002274,0.0,-0.00019253870633888456,1.932269094950975,0,5.16227388381958
