elapsed_s,profile,follower_count,follower_index,predecessor,route_state,control_state,true_range_m,true_bearing_deg,spacing_error_m,estimated_range_m,estimated_bearing_deg,measurement_age_s,linear_cmd_mps,angular_cmd_rps,center_distance_m,collision_sample,inference_ms
2.073295820999192,turn,3,1,leader,SETTLE,SAFE_STOP,1.42,3.2256490062403666e-18,-0.08000000000000007,nan,nan,-1.0,0.0,0.0,2.0,0,
2.073295820999192,turn,3,2,follower_1,SETTLE,SAFE_STOP,1.42,3.2256490062403666e-18,-0.08000000000000007,nan,nan,-1.0,0.0,0.0,2.0,0,
2.073295820999192,turn,3,3,follower_2,SETTLE,SAFE_STOP,1.42,4.044560527688829e-18,-0.08000000000000007,nan,nan,-1.0,0.0,0.0,2.0,0,
2.273200375999295,turn,3,1,leader,SETTLE,SAFE_STOP,1.42,3.2256490062403666e-18,-0.08000000000000007,nan,nan,-1.0,0.0,0.0,2.0,0,
2.273200375999295,turn,3,2,follower_1,SETTLE,SAFE_STOP,1.42,3.2256490062403666e-18,-0.08000000000000007,nan,nan,-1.0,0.0,0.0,2.0,0,
2.273200375999295,turn,3,3,follower_2,SETTLE,SAFE_STOP,1.42,4.044560527688829e-18,-0.08000000000000007,nan,nan,-1.0,0.0,0.0,2.0,0,
2.4736622579985124,turn,3,1,leader,SETTLE,SAFE_STOP,1.42,3.2256490062403666e-18,-0.08000000000000007,nan,nan,-1.0,0.0,0.0,2.0,0,
2.4736622579985124,turn,3,2,follower_1,SETTLE,SAFE_STOP,1.42,3.2256490062403666e-18,-0.08000000000000007,nan,nan,-1.0,0.0,0.0,2.0,0,
2.4736622579985124,turn,3,3,follower_2,SETTLE,SAFE_STOP,1.42,4.044560527688829e-18,-0.08000000000000007,nan,nan,-1.0,0.0,0.0,2.0,0,
2.6747123159984767,turn,3,1,leader,SETTLE,SAFE_STOP,1.42,3.2256490062403666e-18,-0.08000000000000007,nan,nan,-1.0,0.0,0.0,2.0,0,
2.6747123159984767,turn,3,2,follower_1,SETTLE,SAFE_STOP,1.42,3.2256490062403666e-18,-0.08000000000000007,nan,nan,-1.0,0.0,0.0,2.0,0,
2.6747123159984767,turn,3,3,follower_2,SETTLE,SAFE_STOP,1.42,4.044560527688829e-18,-0.08000000000000007,nan,nan,-1.0,0.0,0.0,2.0,0,
2.8739175019982213,turn,3,1,leader,SETTLE,SAFE_STOP,1.42,3.2256490062403666e-18,-0.08000000000000007,nan,nan,-1.0,0.0,0.0,2.0,0,
2.8739175019982213,turn,3,2,follower_1,SETTLE,SAFE_STOP,1.42,3.2256490062403666e-18,-0.08000000000000007,nan,nan,-1.0,0.0,0.0,2.0,0,
2.8739175019982213,turn,3,3,follower_2,SETTLE,SAFE_STOP,1.42,4.044560527688829e-18,-0.08000000000000007,nan,nan,-1.0,0.0,0.0,2.0,0,
3.0745830060004664,turn,3,1,leader,SETTLE,SAFE_STOP,1.42,3.2256490062403666e-18,-0.08000000000000007,nan,nan,-1.0,0.0,0.0,2.0,0,
3.0745830060004664,turn,3,2,follower_1,SETTLE,SAFE_STOP,1.42,3.2256490062403666e-18,-0.08000000000000007,nan,nan,-1.0,0.0,0.0,2.0,0,
3.0745830060004664,turn,3,3,follower_2,SETTLE,SAFE_STOP,1.42,4.044560527688829e-18,-0.08000000000000007,nan,nan,-1.0,0.0,0.0,2.0,0,
3.273657009998715,turn,3,1,leader,SETTLE,SAFE_STOP,1.42,3.2256490062403666e-18,-0.08000000000000007,nan,nan,-1.0,0.0,0.0,2.0,0,
3.273657009998715,turn,3,2,follower_1,SETTLE,SAFE_STOP,1.42,3.2256490062403666e-18,-0.08000000000000007,nan,nan,-1.0,0.0,0.0,2.0,0,
3.273657009998715,turn,3,3,follower_2,SETTLE,SAFE_STOP,1.42,4.044560527688829e-18,-0.08000000000000007,nan,nan,-1.0,0.0,0.0,2.0,0,
3.4743721399972856,turn,3,1,leader,SETTLE,SAFE_STOP,1.42,3.2256490062403666e-18,-0.08000000000000007,nan,nan,-1.0,0.0,0.0,2.0,0,
3.4743721399972856,turn,3,2,follower_1,SETTLE,SAFE_STOP,1.42,3.2256490062403666e-18,-0.08000000000000007,nan,nan,-1.0,0.0,0.0,2.0,0,
3.4743721399972856,turn,3,3,follower_2,SETTLE,SAFE_STOP,1.42,4.044560527688829e-18,-0.08000000000000007,nan,nan,-1.0,0.0,0.0,2.0,0,
3.6736883300000045,turn,3,1,leader,SETTLE,SAFE_STOP,1.4200000007064248,0.0044529250194502165,-0.07999999929357515,nan,nan,-1.0,0.0,0.0,2.0000000000000866,0,
3.6736883300000045,turn,3,2,follower_1,SETTLE,SAFE_STOP,1.4200000007656084,0.0007858102967536964,-0.0799999992343916,nan,nan,-1.0,0.0,0.0,1.9999999999999136,0,
3.6736883300000045,turn,3,3,follower_2,SETTLE,SAFE_STOP,1.4200000006263003,0.004192786849219244,-0.07999999937369973,nan,nan,-1.0,0.0,0.0,2.000000000000079,0,
3.873290026996983,turn,3,1,leader,SETTLE,TRACK,1.4200000029007178,0.009023580897012416,-0.07999999709928218,1.4759919384910192,-0.03138045894855408,0.0050000000000001155,0.0,-0.001007180804717956,2.00000000000017,0,10.634360313415527
3.873290026996983,turn,3,2,follower_1,SETTLE,SAFE_STOP,1.4200000056207163,0.008488510033355299,-0.07999999437928373,nan,nan,-1.0,0.0,0.0,1.9999999999999942,0,7.517353057861328
3.873290026996983,turn,3,3,follower_2,SETTLE,TRACK,1.420000004289625,0.008387399153259588,-0.07999999571037497,1.4760817986557706,-0.029572213694202536,0.0050000000000001155,0.0,-0.0009480318510419022,1.9999999999999787,0,11.133362770080566
4.073314736997418,turn,3,1,leader,SETTLE,TRACK,1.4200000000941881,-0.0016265112933456167,-0.07999999990581186,1.4761716765746913,0.013831497296958055,0.08500000000000041,0.0,0.000993611863780602,1.999999999999948,0,11.55627727508545
4.073314736997418,turn,3,2,follower_1,SETTLE,TRACK,1.4200000001278166,0.0008956934886758057,-0.07999999987218342,1.4761646803485282,0.0015583254115595748,0.020000000000000018,0.0,0.0006289571757962484,2.0000000000000133,0,10.324926376342773
4.073314736997418,turn,3,3,follower_2,SETTLE,TRACK,1.4200000008385163,-0.004697882067455016,-0.0799999991614837,1.476270604704016,0.008683748300430748,0.020000000000000018,0.0,0.0007541493240639655,1.9999999999998628,0,8.093850135803223
4.273641133997444,turn,3,1,leader,SETTLE,TRACK,1.4200000040704106,0.010689228065414964,-0.0799999959295894,1.476076902756596,-0.02549281513416613,0.015000000000000124,0.0,-0.000876069013043278,2.000000000000219,0,12.542183876037598
4.273641133997444,turn,3,2,follower_1,SETTLE,TRACK,1.4200000056352124,0.006155885656054722,-0.07999999436478755,1.4762030137706172,-0.0130736628465902,0.015000000000000124,0.0,-0.0003445955041577344,1.9999999999998357,0,11.15958023071289
4.273641133997444,turn,3,3,follower_2,SETTLE,TRACK,1.420000003461486,0.008830377069353868,-0.07999999653851408,1.4761946242115258,-0.028889179762845833,0.015000000000000124,0.0,-0.00104875941226728,2.000000000000108,0,9.041742324829102
4.47330940199754,turn,3,1,leader,SETTLE,TRACK,1.4200000035856801,0.010032658954560732,-0.07999999641431987,1.476132224680418,-0.0019011146255472828,0.02499999999999991,0.0,7.319255633788914e-05,2.0000000000001426,0,10.025801658630371
4.47330940199754,turn,3,2,follower_1,SETTLE,TRACK,1.420000010078755,0.013302336960339407,-0.07999998992124491,1.476137816267735,-0.02560716300496084,0.08000000000000007,0.0,-0.0009238096720786264,2.0000000000001252,0,5.516696929931641
4.47330940199754,turn,3,3,follower_2,SETTLE,TRACK,1.4200000146897511,0.016502983931663426,-0.07999998531024888,1.4761719416406962,-0.011023895343952596,0.02499999999999991,0.0,-0.00029576776555334294,2.0000000000003104,0,5.543965816497803
4.673602732997097,turn,3,1,leader,SETTLE,TRACK,1.4200000021105221,0.0076973281125634375,-0.07999999788947787,1.476186791536637,0.0031469221309640967,0.09499999999999975,0.0,0.00021946648322708565,1.9999999999999405,0,12.936943054199219
4.673602732997097,turn,3,2,follower_1,SETTLE,TRACK,1.4200000055253084,0.009629527319193804,-0.07999999447469164,1.4762414744194061,0.003465776018968246,0.02499999999999991,0.0,0.00024473550604382424,1.9999999999999147,0,10.521719932556152
4.673602732997097,turn,3,3,follower_2,SETTLE,TRACK,1.4200000083498159,0.012742017808185076,-0.07999999165018412,1.47624245151853,0.0035579141888867085,0.02499999999999991,0.0,0.0002429277931059164,2.0000000000003073,0,8.811817169189453
4.87322827999742,turn,3,1,leader,SETTLE,TRACK,1.420000001392158,0.006251634230284948,-0.0799999986078419,1.4761952897737995,0.001422582447853746,0.02499999999999991,0.0,0.000107056497443152,1.9999999999999338,0,5.4543280601501465
4.87322827999742,turn,3,2,follower_1,SETTLE,TRACK,1.4200000027807513,0.006076048841905005,-0.07999999721924866,1.4762678814149717,0.003568230908586873,0.02499999999999991,0.0,0.00019790914843941762,1.9999999999997717,0,9.315072059631348
4.87322827999742,turn,3,3,follower_2,SETTLE,TRACK,1.420000003995658,0.009280583113136115,-0.07999999600434204,1.4762813569296758,0.0038753921155277823,0.020000000000000018,0.0,0.00020764112787583535,2.0000000000000413,0,5.475488185882568
5.0731125389975205,turn,3,1,leader,SETTLE,TRACK,1.4200000009749354,0.005231703089915033,-0.0799999990250646,1.4762007907693373,0.0010441787458050794,0.03000000000000025,0.0,6.810610158477942e-05,1.999999999999927,0,15.280348777770996
5.0731125389975205,turn,3,2,follower_1,SETTLE,TRACK,1.4200000015038483,0.0036612925758301327,-0.07999999849615169,1.4762673251095901,0.00302808063234201,0.025000000000000355,0.0,0.00015214451539255413,1.9999999999997506,0,11.874593734741211
5.0731125389975205,turn,3,3,follower_2,SETTLE,TRACK,1.4200000018132386,0.006558066327344114,-0.0799999981867614,1.4762869729535018,0.003295602519190858,0.025000000000000355,0.0,0.00015798266841715038,2.0000000000000027,0,8.805146217346191
5.273378541998682,turn,3,1,leader,SETTLE,TRACK,1.4200000007712568,0.004653277752656911,-0.07999999922874323,1.476190179679601,0.0006255400332779499,0.02499999999999991,0.0,3.9326736931861355e-05,1.999999999999927,0,9.194029808044434
5.273378541998682,turn,3,2,follower_1,SETTLE,TRACK,1.4200000029121145,0.007677930701649087,-0.07999999708788552,1.4762177813258957,-0.016096165678764457,0.02499999999999991,0.0,-0.0006977203290054594,2.0000000000000298,0,13.010294914245605
5.273378541998682,turn,3,3,follower_2,SETTLE,TRACK,1.4200000028191166,0.005444804731563114,-0.07999999718088335,1.4762831971395194,0.002932941364687765,0.020000000000000018,0.0,0.00012983835624956274,1.9999999999996871,0,7.056678771972656
5.4731708919971425,turn,3,1,leader,SETTLE,TRACK,1.4200000006334892,0.004217291076486071,-0.07999999936651081,1.4761844784368297,0.0006846095741511247,0.0950000000000002,0.0,3.5502918761614944e-05,1.999999999999927,0,13.38010025024414
5.4731708919971425,turn,3,2,follower_1,SETTLE,TRACK,1.4200000020871317,0.006313773096547667,-0.07999999791286827,1.4762375701092927,0.0016063153108420319,0.03500000000000014,0.0,9.073957782892335e-05,2.0000000000000204,0,10.953123092651367
5.4731708919971425,turn,3,3,follower_2,SETTLE,TRACK,1.4200000015853504,0.0034428340109959616,-0.07999999841464955,1.4762854271248085,0.0028232446412100325,0.03500000000000014,0.0,0.00011875989645435044,1.9999999999996716,0,7.173369884490967
5.673409887000162,turn,3,1,leader,SETTLE,TRACK,1.4200000005513012,0.00393425156110851,-0.07999999944869884,1.4761967075696205,0.0003772393855825375,0.025000000000000355,0.0,1.963016563013383e-05,1.999999999999927,0,12.32075023651123
5.673409887000162,turn,3,2,follower_1,SETTLE,TRACK,1.420000001345152,0.004632987597278312,-0.07999999865484808,1.4762445093938434,0.002770461418829228,0.03000000000000025,0.0,0.00012579361809991773,1.9999999999999964,0,11.100898742675781
5.673409887000162,turn,3,3,follower_2,SETTLE,TRACK,1.420000007791018,0.014225916745589843,-0.07999999220898202,1.476234711920138,-0.016536873997461555,0.025000000000000355,0.0,-0.0007280847010043877,2.0000000000000364,0,10.309226989746094
5.8731694469970535,turn,3,1,leader,SETTLE,TRACK,1.4470734698315904,0.0037805973332738466,-0.05292653016840965,1.476198464604917,0.0003703309189924817,0.040000000000000036,0.0,1.724050769571414e-05,2.02707346932087,0,8.194182395935059
5.8731694469970535,turn,3,2,follower_1,SETTLE,TRACK,1.420000000908226,0.0032177649040358233,-0.07999999909177391,1.4762516649163873,0.002645415929914701,0.03500000000000014,0.0,0.00011349208994520176,1.9999999999999964,0,15.600970268249512
5.8731694469970535,turn,3,3,follower_2,SETTLE,TRACK,1.4200000080208641,0.014775723019292907,-0.07999999197913588,1.4762136035793523,-0.001215752587881842,0.029999999999999805,0.0,-3.57356351577618e-05,2.0000000000001217,0,7.511338233947754
6.0738725470000645,turn,3,1,leader,STRAIGHT_1,TRACK,1.5181073865444592,0.013223888473564399,0.018107386544459203,1.4840627104847641,0.006815316780804482,0.03000000000000025,0.0005754548940390923,0.0003118349587829059,2.098107380248098,0,10.469701766967773
6.0738725470000645,turn,3,2,follower_1,STRAIGHT_1,TRACK,1.425966096307451,0.014593511505055005,-0.07403390369254903,1.4761895114507422,-0.021475317824131455,0.03000000000000025,0.0,-0.0009140004353644665,2.0059660820743304,0,10.338539123535156
6.0738725470000645,turn,3,3,follower_2,STRAIGHT_1,TRACK,1.4200000134276456,0.01476281225104964,-0.07999998657235441,1.4762489734979354,0.00273519955265736,0.03000000000000025,0.0,0.00011797550275383214,1.999999999999642,0,6.4879560470581055
6.273127369997383,turn,3,1,leader,STRAIGHT_1,TRACK,1.5578601818411184,0.01754162916118864,0.05786018184111841,1.5246752170089406,-0.014431091846596108,0.03500000000000014,0.10434413849730545,-0.0005862771773137695,2.137860170715687,0,11.219242095947266
6.273127369997383,turn,3,2,follower_1,STRAIGHT_1,TRACK,1.4509633028494298,0.012875713493613024,-0.04903669715057024,1.4761535681786342,-0.01053355518512695,0.11000000000000032,0.0,-0.0003999896139656994,2.0309632857459725,0,12.837295532226562
6.273127369997383,turn,3,3,follower_2,STRAIGHT_1,TRACK,1.4200000097424645,0.012829779953044617,-0.07999999025753546,1.4762695984400003,0.002788353130936827,0.03500000000000014,0.0,0.0001151407838141122,1.9999999999997096,0,7.44053316116333
6.473155242998473,turn,3,1,leader,STRAIGHT_1,TRACK,1.580859451506516,0.020614017208143973,0.08085945150651597,1.5694684771568084,-0.007596654086194748,0.04500000000000082,0.22433779678452923,-0.00030983404635862087,2.160859436098321,0,10.713827133178711
6.473155242998473,turn,3,2,follower_1,STRAIGHT_1,TRACK,1.4891122513515223,0.01528388207815604,-0.010887748648477746,1.4916652097175773,0.008622633633178289,0.040000000000000036,0.016917468583882437,0.00037738709561126714,2.069112228516283,0,9.64698600769043
6.473155242998473,turn,3,3,follower_2,STRAIGHT_1,TRACK,1.4253517969465066,0.01187759946468489,-0.0746482030534934,1.4762757157907913,0.002742440303575763,0.03500000000000014,0.0,0.00011061297914377396,2.0053517859345993,0,8.262422561645508
6.673270630999468,turn,3,1,leader,STRAIGHT_1,TRACK,1.5856316031529345,0.026012833609367823,0.0856316031529345,1.6002189991989566,-0.012090427212938284,0.04499999999999993,0.31427983063925186,-0.00048214591946519394,2.1656315785642435,0,11.298343658447266
6.673270630999468,turn,3,2,follower_1,STRAIGHT_1,TRACK,1.5353418487766324,0.027067511281085338,0.03534184877663238,1.5173713609028288,-0.02009809139339602,0.04499999999999993,0.07981647639186082,-0.0008231325518592683,2.115341801238124,0,8.41214370727539
6.673270630999468,turn,3,3,follower_2,STRAIGHT_1,TRACK,1.444350091440662,0.010965765111309197,-0.055649908559338046,1.4779621089033075,0.0042054226638975414,0.040000000000000036,0.0,0.0001724095848823603,2.0243500649065744,0,5.956899166107178
6.873218649998307,turn,3,1,leader,STRAIGHT_1,TRACK,1.5790180882843603,0.026415903865427356,0.0790180882843603,1.6218428378676581,-0.0006087522000494234,0.04999999999999982,0.38398092548272744,-1.1753335056663764e-06,2.159018062827401,0,10.315861701965332
6.873218649998307,turn,3,2,follower_1,STRAIGHT_1,TRACK,1.5743486294736135,0.026771017691639237,0.07434862947361354,1.5516228639259861,-0.003859923516892032,0.04999999999999982,0.17066855706827716,-0.00012208236954603052,2.154348584313456,0,5.964454174041748
6.873218649998307,turn,3,3,follower_2,STRAIGHT_1,TRACK,1.4794702086575704,0.009882805303137242,-0.020529791342429604,1.4886645842686266,0.014669001288188937,0.040000000000000036,0.009837913756315278,0.0006149699413199267,2.059470183055336,0,5.242345809936523
7.073272606998216,turn,3,1,leader,STRAIGHT_1,TRACK,1.5691023045905348,0.02623483634645215,0.06910230459053479,1.6213835890080834,-0.00607232765210678,0.04999999999999982,0.3996087091887435,-0.0002424802194825324,2.149102279327364,0,7.507350921630859
7.073272606998216,turn,3,2,follower_1,STRAIGHT_1,TRACK,1.594703362562313,0.02576977690093003,0.09470336256231304,1.5903276896630367,0.006989566738028007,0.04999999999999982,0.2802319804948339,0.00030297165107254047,2.1747033216773906,0,12.233257293701172
7.073272606998216,turn,3,3,follower_2,STRAIGHT_1,TRACK,1.5234105549817423,0.027465720172057128,0.02341055498174227,1.5100905411798162,-0.03634486807384677,0.04499999999999993,0.062424632332662,-0.0015670219990353907,2.1034105075344107,0,8.041891098022461
7.273144015998696,turn,3,1,leader,STRAIGHT_1,TRACK,1.5577987250482332,0.021438622392481923,0.057798725048233246,1.616707530311258,0.0029616141193378105,0.04499999999999993,0.4040824129473042,0.00012346963596580933,2.137798707850992,0,14.756073951721191
7.273144015998696,turn,3,2,follower_1,STRAIGHT_1,TRACK,1.5981154689337789,0.02748938479690259,0.09811546893377887,1.6208500511259194,-0.003477176089382458,0.04499999999999993,0.3735368269617493,-0.00012828048028416214,2.1781154325650376,0,13.70076847076416
7.273144015998696,turn,3,3,follower_2,STRAIGHT_1,TRACK,1.5698316215804404,0.029897643973798706,0.06983162158044043,1.5412578064289506,-0.017110511369476146,0.04499999999999993,0.14401098575280044,-0.0006776026702424868,2.1498315653383537,0,10.099563598632812
7.473184449998371,turn,3,1,leader,STRAIGHT_1,TRACK,1.548968251205064,0.016099477455554644,0.048968251205063984,1.6097028407671279,0.015366595622013098,0.05000000000000071,0.401002893249439,0.0006230815236431062,2.1289682411125512,0,10.847729682922363
7.473184449998371,turn,3,2,follower_1,STRAIGHT_1,TRACK,1.5904755676432987,0.030217354856644337,0.09047556764329867,1.6374020125838762,-0.015958926035030175,0.05000000000000071,0.4358664943164777,-0.0006739504364239082,2.1704755306933583,0,12.389664649963379
7.473184449998371,turn,3,3,follower_2,STRAIGHT_1,TRACK,1.6004182398765214,0.024311368770657663,0.10041823987652143,1.5788747264047827,0.02248638528397886,0.05000000000000071,0.2493067533522589,0.0009901136168878335,2.180418189722609,0,6.933924198150635
7.673313557999791,turn,3,1,leader,STRAIGHT_1,TRACK,1.5406689380131222,0.017158380510729404,0.04066893801312221,1.6012705546052342,0.0003171798329702193,0.054999999999999716,0.3920980859151847,-1.4053543422862933e-05,2.1206689265000813,0,14.763505935668945
7.673313557999791,turn,3,2,follower_1,STRAIGHT_1,TRACK,1.575942049653075,0.030344396642500864,0.07594204965307494,1.638743864528237,0.0028483989283880364,0.054999999999999716,0.4591376626572105,0.00012868600032886037,2.1559420113275003,0,13.320902824401855
7.673313557999791,turn,3,3,follower_2,STRAIGHT_1,TRACK,1.6168620848952038,0.037239853587686486,0.11686208489520378,1.6196944260375112,-0.018589897282201395,0.04499999999999993,0.365983063377355,-0.0007693188980580903,2.1968620084144277,0,10.393431663513184
7.872920803998568,turn,3,1,leader,STRAIGHT_1,TRACK,1.5357868401301598,0.011248410777243301,0.03578684013015976,1.591323517330149,0.011768022129605309,0.05999999999999961,0.3771640744759466,0.0004878787474778007,2.1157868345622184,0,15.51283073425293
7.872920803998568,turn,3,2,follower_1,STRAIGHT_1,TRACK,1.5616179148887133,0.0286284867053136,0.061617914888713265,1.628335315790138,0.003023202995283501,0.11500000000000021,0.4515667438854256,0.00013353781437641145,2.141617883863355,0,13.032005310058594
7.872920803998568,turn,3,3,follower_2,STRAIGHT_1,TRACK,1.6137324923136946,0.062944706453013,0.11373249231369464,1.6449651370282112,-0.04546747556743791,0.054999999999999716,0.45001129454195127,-0.0018546815957341623,2.193732323977233,0,9.643318176269531
8.073396227999183,turn,3,1,leader,STRAIGHT_1,TRACK,1.531752963175702,0.007277017236891668,0.03175296317570209,1.5847061677671912,0.016159663088428304,0.054999999999999716,0.3683058347067234,0.0006555892472596808,2.1117529602302527,0,10.927986145019531
8.073396227999183,turn,3,2,follower_1,STRAIGHT_1,TRACK,1.547869388101288,0.023866849893571924,0.047869388101287935,1.6160218956788002,0.014813753473986817,0.05999999999999961,0.43591664612089237,0.0006277471395371502,2.1278693672042066,0,7.094529151916504
8.073396227999183,turn,3,3,follower_2,STRAIGHT_1,TRACK,1.5985174182027713,0.07485845959731312,0.09851741820277127,1.6539162446855615,-0.017618393139555162,0.04999999999999982,0.49652072395383307,-0.0006257633378956607,2.178517195566496,0,6.9519147872924805
8.273290353998163,turn,3,1,leader,STRAIGHT_1,TRACK,1.5288257905186333,0.010400728179439125,0.02882579051863332,1.5815759028829675,-0.002263531158068382,0.04999999999999982,0.3667832456889605,-9.985553791843339e-05,2.108825785549831,0,10.9918851852417
8.273290353998163,turn,3,2,follower_1,STRAIGHT_1,TRACK,1.5390737144593774,0.027118746503048883,0.03907371445937735,1.6036597551304999,-0.003972020999554756,0.04999999999999982,0.41717845385557073,-0.0001706360219417118,2.119073686210843,0,8.192256927490234
8.273290353998163,turn,3,3,follower_2,STRAIGHT_1,TRACK,1.5805495845733672,0.0617689691815622,0.08054958457336725,1.6515312314990083,0.025878366801142257,0.04999999999999982,0.512103758612936,0.0011604263833330905,2.160549419837626,0,5.798056125640869
8.473084663997724,turn,3,1,leader,STRAIGHT_1,TRACK,1.5263020495873767,0.015328793133984461,0.026302049587376697,1.5777355890552631,-0.005868118508481974,0.055000000000000604,0.36242490748204637,-0.00023375324520162464,2.106302039957299,0,15.953800201416016
8.473084663997724,turn,3,2,follower_1,STRAIGHT_1,TRACK,1.532419306565814,0.016634128913717638,0.03241930656581404,1.5926682458921908,0.011670679477023051,0.0600000000000005,0.3985096756581136,0.0005053149819216995,2.112419291209734,0,13.870956420898438
8.473084663997724,turn,3,3,follower_2,STRAIGHT_1,TRACK,1.5602207681297842,0.03804401088201837,0.060220768129784163,1.6390749110409932,0.035238644857357324,0.055000000000000604,0.4996457400588183,0.0014336111091266264,2.1402207061122436,0,8.868212699890137
8.673227913997835,turn,3,1,leader,STRAIGHT_1,TRACK,1.5245255146955876,0.020397083658518195,0.024525514695587614,1.5748964771057505,-0.009791321663425702,0.05999999999999961,0.3596584646529591,-0.0003905650540266842,2.1045254983862054,0,15.515070915222168
8.673227913997835,turn,3,2,follower_1,STRAIGHT_1,TRACK,1.5284398784660094,0.015427123095863013,0.028439878466009372,1.583980881036022,0.00964041226202286,0.05999999999999961,0.38332675826070467,0.0003609300424321668,2.1084398595112646,0,13.257235527038574
8.673227913997835,turn,3,3,follower_2,STRAIGHT_1,TRACK,1.5456157044924765,0.02614409387109849,0.04561570449247654,1.6203377749888872,0.03325765380209887,0.054999999999999716,0.46764367558557657,0.0012898180451357895,2.1256156716355705,0,6.977948188781738
8.873490182999376,turn,3,1,leader,STRAIGHT_1,TRACK,1.522555087268979,0.017340693099625798,0.022555087268979035,1.5734438472303787,0.004463440155449423,0.0699999999999994,0.3597211772634054,0.00020616890134627787,2.1025550749275377,0,16.77248191833496
8.873490182999376,turn,3,2,follower_1,STRAIGHT_1,TRACK,1.5257274652246513,0.016652174001171798,0.025727465224651302,1.5785674608409417,-0.004782983095180538,0.0649999999999995,0.3747085914697595,-0.00022442281862521644,2.1057274488486084,0,12.887343406677246
8.873490182999376,turn,3,3,follower_2,STRAIGHT_1,TRACK,1.5340669803664804,0.022983683783605557,0.03406698036648037,1.604064554851424,0.013391991738142409,0.0649999999999995,0.43785449289346284,0.0004741989772194991,2.114066950574313,0,7.903186798095703
9.073969868997665,turn,3,1,leader,STRAIGHT_1,TRACK,1.5198575443819453,0.01817487147612027,0.019857544381945313,1.5732609096306585,-0.0034481867808168532,0.004999999999999893,0.3625588996172969,-0.00014561889195558063,2.0998575307778156,0,13.283411026000977
9.073969868997665,turn,3,2,follower_1,STRAIGHT_1,TRACK,1.5239548465823392,0.02077492272479977,0.02395484658233915,1.5752455313734117,-0.006204496203605053,0.07000000000000028,0.37025468606790124,-0.000272553767937858,2.1039548241512667,0,14.343530654907227
9.073969868997665,turn,3,3,follower_2,STRAIGHT_1,TRACK,1.526183832635954,0.02087656653270981,0.02618383263595403,1.5911209012071463,0.012254390931218377,0.05999999999999961,0.41271987632967166,0.00045380248965437884,2.1061838005703057,0,10.825173377990723
9.273405081999954,turn,3,1,leader,STRAIGHT_1,TRACK,1.517405552778173,0.025993656037885435,0.017405552778172906,1.5720959661454879,-0.009767627645057158,0.06500000000000039,0.3625550812807884,-0.0004175750485719586,2.0974055264950335,0,13.127484321594238
9.273405081999954,turn,3,2,follower_1,STRAIGHT_1,TRACK,1.522317448469723,0.018785601595179224,0.022317448469723056,1.5741322819923071,0.006449613435010344,0.004999999999999893,0.37071133118548816,0.0002671154914820857,2.1023174193979384,0,9.94249439239502
9.273405081999954,turn,3,3,follower_2,STRAIGHT_1,TRACK,1.5231793041557364,0.02108004055755849,0.023179304155736435,1.5784002330888987,-0.0031160209651533606,0.004999999999999893,0.3859578104713164,-0.00017226977535823537,2.1031792765091466,0,8.03293514251709
9.473461618999863,turn,3,1,leader,STRAIGHT_1,TRACK,1.5157987553379162,0.0340050745248702,0.015798755337916193,1.5694361414109352,-0.012521560760535757,0.010000000000000675,0.3583731366779364,-0.0004996867121522524,2.095798711348395,0,11.981475830078125
9.473461618999863,turn,3,2,follower_1,STRAIGHT_1,TRACK,1.5196516783153369,0.01979087801052136,0.019651678315336873,1.5735947798731653,-0.004062556093147894,0.010000000000000675,0.37211571312685204,-0.00017827610443924252,2.099651635115071,0,9.506439208984375
9.473461618999863,turn,3,3,follower_2,STRAIGHT_1,TRACK,1.521506562384947,0.021968191090576777,0.02150656238494708,1.5750589717357046,-0.0005640940653536515,0.004999999999999893,0.38093507142476785,-5.9316741317834985e-05,2.101506533219894,0,6.5057501792907715
9.674006083998393,turn,3,1,leader,STRAIGHT_1,TRACK,1.514515942315504,0.037972269512176894,0.014515942315503905,1.5678740462693581,-0.0052465681022860235,0.005000000000000782,0.3562267317383392,-0.0001384709342772454,2.094515887414527,0,13.345991134643555
9.674006083998393,turn,3,2,follower_1,STRAIGHT_1,TRACK,1.516355402039686,0.023935855567782598,0.016355402039686107,1.5725152604458987,-0.004434939165357284,0.005000000000000782,0.3716222167077407,-0.0003063321846118475,2.0963553472824366,0,11.908760070800781
9.674006083998393,turn,3,3,follower_2,STRAIGHT_1,TRACK,1.5197412230836804,0.02005953174761314,0.019741223083680426,1.5732512400352154,0.004353171567502075,0.0,0.37857680111696373,0.00023214739641154686,2.099741190393953,0,12.310240745544434
9.874855042999116,turn,3,1,leader,STRAIGHT_1,TRACK,1.5136108128711983,0.042975470466067325,0.013610812871198252,1.5662935412959003,-0.005788614126241112,0.009999999999999787,0.3540579193406953,-0.00021769944127590258,2.093610742597527,0,7.873913764953613
9.874855042999116,turn,3,2,follower_1,STRAIGHT_1,TRACK,1.51385061481002,0.034965983315912816,0.013850614810019923,1.5697301957640193,-0.01495554690299228,0.08000000000000007,0.36703288270266243,-0.0006251860770136381,2.093850528372508,0,10.692455291748047
9.874855042999116,turn,3,3,follower_2,STRAIGHT_1,TRACK,1.5167854193128352,0.026449320764628206,0.01678541931283517,1.5725589961928423,0.011789823472730337,0.0699999999999994,0.3792367897959268,0.0004855131198187507,2.096785354782069,0,14.265115737915039
10.073754535998887,turn,3,1,leader,STRAIGHT_1,TRACK,1.5129044902026416,0.04055517628848511,0.012904490202641616,1.5657680677899652,-0.007135924388417,0.08000000000000007,0.3539807720552865,-0.00027402752741639147,2.0929044265458003,0,19.53824234008789
10.073754535998887,turn,3,2,follower_1,STRAIGHT_1,TRACK,1.5126501759690976,0.038799329497530406,0.012650175969097566,1.5673757886060506,-0.012226197999220466,0.07000000000000028,0.3626242388868337,-0.0004802569955945542,2.092650087588119,0,17.145309448242188
10.073754535998887,turn,3,3,follower_2,STRAIGHT_1,TRACK,1.5146523394562883,0.03533488041259971,0.0146523394562883,1.5707337634448755,-0.020722480018094628,0.0649999999999995,0.37643125527442545,-0.0008407222065842519,2.0946522442457685,0,12.400100708007812
10.273569106997456,turn,3,1,leader,STRAIGHT_1,TRACK,1.5120979758077362,0.03098335261334679,0.012097975807736194,1.5654064777256764,0.016252988955757358,0.009999999999999787,0.3540923803355795,0.0006747188329423221,2.092097936099487,0,13.48245906829834
10.273569106997456,turn,3,2,follower_1,STRAIGHT_1,TRACK,1.5119770306564122,0.030613206087962107,0.011977030656412202,1.5648781544393566,0.01105978341040148,0.004999999999999005,0.3572411664951529,0.0004943117170300184,2.0919769821363237,0,10.128935813903809
10.273569106997456,turn,3,3,follower_2,STRAIGHT_1,TRACK,1.5118364654229548,0.0380161782855432,0.0118364654229548,1.5685005181663403,-0.008953917059287062,0.06999999999999851,0.372180419979255,-0.0003384568035574882,2.0918363801197914,0,8.917110443115234
10.47435553700052,turn,3,1,leader,STRAIGHT_1,TRACK,1.5119757082161842,0.023052221198314633,0.011975708216184211,1.5639221908063183,0.016935625139133485,0.07500000000000107,0.3512648886021551,0.0006808541387730181,2.0919756834813112,0,15.653374671936035
10.47435553700052,turn,3,2,follower_1,STRAIGHT_1,TRACK,1.5112064980529414,0.021188985299458337,0.011206498052941383,1.5631108427641334,0.012385653766923008,0.009999999999999787,0.35372940730883534,0.0004873393540293884,2.091206476803281,0,10.947952270507812
10.47435553700052,turn,3,3,follower_2,STRAIGHT_1,TRACK,1.509432565958178,0.02796022810098215,0.009432565958177985,1.5651214921977208,0.011850152675312994,0.009999999999999787,0.36436440963825856,0.0005431659275309309,2.0894325204724358,0,7.084428787231445
10.675120897998568,turn,3,1,leader,STRAIGHT_1,TRACK,1.5121095136414313,0.028596080042448686,0.012109513641431313,1.5628140726483186,-0.008849375180802989,0.054999999999999716,0.3492218932321566,-0.00039270584666947056,2.09210947831758,0,10.749950408935547
10.675120897998568,turn,3,2,follower_1,STRAIGHT_1,TRACK,1.5105614655311466,0.0180715490933678,0.010561465531146563,1.562759366830219,0.008958810458563905,0.04499999999999993,0.35313576042457034,0.00034308139881202075,2.0905614429729664,0,18.559099197387695
10.675120897998568,turn,3,3,follower_2,STRAIGHT_1,TRACK,1.508622528797102,0.025719529172380837,0.008622528797102014,1.5633609656586798,0.009786539001012312,0.10999999999999943,0.36027998972312997,0.0004127918171996756,2.0886224935294333,0,8.036186218261719
10.873929522000253,turn,3,1,leader,STRAIGHT_1,TRACK,1.5121386527210698,-0.1441352344131122,0.012138652721069842,1.56263853420963,-0.001490559776034738,0.005000000000000782,0.34907374605789726,-4.17849895275944e-05,2.0920927333645407,0,20.406949996948242
10.873929522000253,turn,3,2,follower_1,STRAIGHT_1,TRACK,1.509907556973599,0.01553307921550815,0.009907556973598908,1.5626424567278059,0.00888513763836917,0.009999999999999787,0.35296123210124936,0.0003404674463554549,2.089907538211352,0,12.7949857711792
10.873929522000253,turn,3,3,follower_2,STRAIGHT_1,TRACK,1.5083255823559014,0.027932560145778683,0.008325582355901417,1.5608465573558357,-0.006271233194745141,0.009999999999999787,0.3540459318200288,-0.0002469030551480009,2.0883255453207763,0,8.397967338562012
11.073951238999143,turn,3,1,leader,TURN,TRACK,1.5121543217237292,-0.3086002568205082,0.012154321723729211,1.5631086343394593,-0.06233931662873056,0.009999999999999787,0.3506276327858893,-0.0026829142276941676,2.091829600214278,0,19.8212833404541
11.073951238999143,turn,3,2,follower_1,TURN,TRACK,1.509989391618951,0.028836104046363643,0.009989391618951071,1.5616474956997701,-0.004499465862793925,0.009999999999999787,0.3504938491149085,-0.0002115503119689431,2.0899891135397994,0,13.14576530456543
11.073951238999143,turn,3,3,follower_2,TURN,TRACK,1.5080702346397847,0.02844649139793035,0.008070234639784735,1.56048693270974,0.0001391783588299227,0.004999999999999005,0.3526064465582545,2.1011506636693762e-05,2.088070191756329,0,14.14154052734375
11.273436928997398,turn,3,1,leader,TURN,TRACK,1.5127476606641996,-0.3142083799998982,0.012747660664199634,1.5627256251390091,-0.2133330528314159,0.010000000000001563,0.34989347920318664,-0.008784941849431155,2.0920237594885442,0,20.574970245361328
11.273436928997398,turn,3,2,follower_1,TURN,TRACK,1.5098401452168417,0.04259191836976493,0.009840145216841734,1.5612914935630933,0.0023542946181338694,0.010000000000001563,0.34951712940466917,0.00011055847421953755,2.0898385736510168,0,13.653467178344727
11.273436928997398,turn,3,3,follower_2,TURN,TRACK,1.508258214805886,0.027867187473812605,0.008258214805886066,1.5591298813958654,0.0006145051266468268,0.010000000000001563,0.3485275865243786,3.31844601927019e-05,2.0882581761973054,0,9.993910789489746
11.473148498997034,turn,3,1,leader,TURN,TRACK,1.516387074176045,-0.2593928241245797,0.016387074176045013,1.558789042198759,-0.2257372416694598,0.015000000000000568,0.3399825312763131,-0.008922140301200773,2.0949518562209053,0,15.707088470458984
11.473148498997034,turn,3,2,follower_1,TURN,TRACK,1.51314531695941,0.04831389741818266,0.013145316959410014,1.5609833875055312,0.00873038817132078,0.08000000000000007,0.348615254481514,0.0003597210534709471,2.0931412698945717,0,12.415407180786133
11.473148498997034,turn,3,3,follower_2,TURN,TRACK,1.502296947560483,0.027161971782363004,0.0022969475604830425,1.5587362453187716,0.0005315023518571848,0.019999999999999574,0.3467332069264917,2.5255057172798134e-05,2.0822969157864626,0,6.697581768035889
11.67365906499981,turn,3,1,leader,TURN,TRACK,1.521956850438762,-0.2094763079369643,0.021956850438761943,1.5527210061278913,-0.1343954178306047,0.019999999999999574,0.3234234204043124,-0.00493997404116304,2.099874241025729,0,10.203144073486328
11.67365906499981,turn,3,2,follower_1,TURN,TRACK,1.5099476261227638,0.044492783749545115,0.009947626122763786,1.5620899498096443,0.003194773492256405,0.019999999999999574,0.34484153569316145,0.00012677622336731284,2.0899425743139584,0,8.859418869018555
11.67365906499981,turn,3,3,follower_2,TURN,TRACK,1.5014259162661572,0.027224290293612362,0.001425916266157179,1.5599005602218796,0.00030291790553484707,0.009999999999999787,0.34905421752685584,1.3520506707257719e-05,2.0814258853775356,0,5.594954013824463
11.873427405000257,turn,3,1,leader,TURN,TRACK,1.5323851360373755,-0.13709563859996216,0.03238513603737547,1.5458535490317071,-0.035293920189084456,0.025000000000000355,0.3038906560655158,-0.0008704027605115908,2.1093438325813723,0,10.892461776733398
11.873427405000257,turn,3,2,follower_1,TURN,TRACK,1.5027392446366206,0.026273606960940794,0.0027392446366205636,1.563137586674155,0.011923305195361054,0.025000000000000355,0.3394750729958172,0.00047144514735027664,2.0827345510415873,0,14.858240127563477
11.873427405000257,turn,3,3,follower_2,TURN,TRACK,1.5025901148633407,0.027387130905244365,0.002590114863340709,1.5538812994655897,0.0005151908029518751,0.019999999999999574,0.3321434553481977,2.2091116165541127e-05,2.0825900862821296,0,9.83329963684082
12.074198446000082,turn,3,1,leader,TURN,TRACK,1.5434011233426495,-0.06138702653835152,0.04340112334264945,1.5447975251941386,0.043620073288158756,0.08999999999999986,0.2985618457181555,0.0021829590422450455,2.119323851380016,0,14.072564125061035
12.074198446000082,turn,3,2,follower_1,TURN,TRACK,1.4974654857800125,0.006075621238273007,-0.002534514219987516,1.5561675692390697,-0.00036711067694259185,0.025000000000000355,0.3232104206219676,-3.784744645958728e-05,2.0774625372474143,0,13.395526885986328
12.074198446000082,turn,3,3,follower_2,TURN,TRACK,1.5017022326675875,0.034122774954583254,0.001702232667587511,1.5531363144523322,-0.008476263166273484,0.08499999999999908,0.32860617929002767,-0.00035191072466284507,2.081702187478473,0,8.634839057922363
12.274424119998002,turn,3,1,leader,TURN,TRACK,1.555646846408133,0.016840201234707745,0.055646846408133,1.5414827266266493,0.20418714637162408,0.015000000000000568,0.2868916914100973,0.008524125643212834,2.130458929422913,0,14.135189056396484
12.274424119998002,turn,3,2,follower_1,TURN,TRACK,1.4931644537096673,-0.006195061163459013,-0.0068355462903326725,1.551718001216298,-0.025407988079849512,0.02000000000000135,0.3118054579659183,-0.001058134139671688,2.0731635460155724,0,13.6044282913208
12.274424119998002,turn,3,3,follower_2,TURN,TRACK,1.4990078569743956,0.03745685109031909,-0.0009921430256043529,1.5523007240156725,-0.0007476510556523824,0.02000000000000135,0.32480325414614386,-1.6138729495208703e-05,2.0790077816007124,0,7.1435441970825195
12.473499102998176,turn,3,1,leader,TURN,TRACK,1.5687766160131296,0.11188868350395248,0.06877661601312957,1.5425759278937976,0.26394758204361146,0.040000000000000924,0.2875237196743393,0.01078941556386874,2.1422970688014353,0,19.449478149414062
12.473499102998176,turn,3,2,follower_1,TURN,TRACK,1.490062939437706,-0.015607655334739061,-0.009937060562293931,1.5497791487404822,-0.04263534146578503,0.08999999999999986,0.30594186748978325,-0.0017378557124720585,2.0700629018941745,0,15.37189769744873
12.473499102998176,turn,3,3,follower_2,TURN,TRACK,1.4955545647534925,0.02936261373722722,-0.004445435246507534,1.551145150288987,0.016346691383153148,0.02999999999999936,0.3201722552385876,0.000714921162622984,2.0755544406774673,0,8.97431755065918
12.673354842998378,turn,3,1,leader,TURN,TRACK,1.5808318449072325,0.20617860920325018,0.0808318449072325,1.5447913778285554,0.3501630920605058,0.03999999999999915,0.2905432990509706,0.01410737094124046,2.1530100888814827,0,16.919755935668945
12.673354842998378,turn,3,2,follower_1,TURN,TRACK,1.4897073902941866,-0.027095391700350312,-0.01029260970581336,1.5461889430035562,-0.03999842215702259,0.019999999999999574,0.2950659242293438,-0.0015886246146292419,2.069704829439704,0,13.376567840576172
12.673354842998378,turn,3,3,follower_2,TURN,TRACK,1.4913340654500855,0.02357169942271999,-0.008665934549914489,1.5498229152086924,0.016573196431957954,0.019999999999999574,0.314919790102977,0.0006731981797356275,2.0713338485000437,0,12.122844696044922
12.874256200997479,turn,3,1,leader,TURN,TRACK,1.5904577103833057,0.27176112920666806,0.09045771038330574,1.5470040341660805,0.5007847023632035,0.03500000000000014,0.29413815205211885,0.020166259657894373,2.1613667273606243,0,9.670853614807129
12.874256200997479,turn,3,2,follower_1,TURN,TRACK,1.4915923022880289,-0.03944149018011608,-0.00840769771197114,1.5439165412834823,-0.040227757630444415,0.03500000000000014,0.2875463754636184,-0.0015737459496759343,2.0715816640626588,0,9.746776580810547
12.874256200997479,turn,3,3,follower_2,TURN,TRACK,1.488021853638712,0.026988784634536384,-0.011978146361288022,1.5471929841772913,-0.0027472972100333034,0.03500000000000014,0.30619995001441064,-0.00016415738674675778,2.068021502676213,0,7.228692054748535
13.07337648399698,turn,3,1,leader,TURN,TRACK,1.5984869479308081,0.3256985620639445,0.09848694793080814,1.5498775278865171,0.5905793658664957,0.10999999999999943,0.30016572153143406,0.023500827312788755,2.1680806402481476,0,9.68791675567627
13.07337648399698,turn,3,2,follower_1,TURN,TRACK,1.4951157369097208,-0.04808207003827949,-0.004884263090279228,1.5438036381451345,-0.046825273504077204,0.03999999999999915,0.2849597938229362,-0.0018444723846140496,2.0750885873296596,0,13.127026557922363
13.07337648399698,turn,3,3,follower_2,TURN,TRACK,1.485984002588165,0.03259521058760439,-0.014015997411835013,1.5447936575493306,-0.012828582293952163,0.03999999999999915,0.2977142554055195,-0.0005498864477266993,2.06598346553846,0,7.906001091003418
13.273168005998741,turn,3,1,leader,TURN,TRACK,1.6050648283706888,0.3736484040957684,0.10506482837068876,1.5540742754649723,0.7152114744525283,0.10500000000000043,0.3101997686265967,0.028270775471675884,2.1731939733273786,0,10.381884574890137
13.273168005998741,turn,3,2,follower_1,TURN,TRACK,1.5002892243082633,-0.04661021083124093,0.0002892243082632806,1.5455452665391778,-0.05956140203533353,0.040000000000000924,0.28737320633207875,-0.0023710474076138856,2.0802315484837544,0,10.202754020690918
13.273168005998741,turn,3,3,follower_2,TURN,TRACK,1.4865406030080641,0.03141355390291203,-0.013459396991935879,1.5411574274026896,5.89163750794906e-06,0.040000000000000924,0.2861332455567447,7.941039457004284e-06,2.0665397909591525,0,6.811464786529541
13.473228625000047,turn,3,1,leader,TURN,TRACK,1.6102141775630132,0.4024493929804036,0.11021417756301322,1.5573702746002065,0.8042803350280312,0.10999999999999943,0.31835649850152725,0.03156011338234416,2.1768052407905882,0,10.588628768920898
13.473228625000047,turn,3,2,follower_1,TURN,TRACK,1.5056873329080251,-0.04778501664422522,0.0056873329080251445,1.5482146999190938,-0.03975295821380947,0.05000000000000071,0.2925114716751541,-0.0015111557582319869,2.0855797333059263,0,9.98613166809082
13.473228625000047,turn,3,3,follower_2,TURN,TRACK,1.489297602366537,0.026590713245014115,-0.010702397633463034,1.5401098153154393,0.006740160268261833,0.05000000000000071,0.2803169809047746,0.00028309521159328345,2.0692965874465243,0,5.84228515625
13.673140179998882,turn,3,1,leader,TURN,TRACK,1.6141968206730404,0.4129679192233133,0.11419682067304038,1.559229803913096,0.9565359452145221,0.049999999999998934,0.3234319561829604,0.03749321540896269,2.179257871747277,0,16.489486694335938
13.673140179998882,turn,3,2,follower_1,TURN,TRACK,1.5100534921308149,-0.04925694188336653,0.010053492130814856,1.5520971291163737,-0.024148863835255677,0.04499999999999993,0.3011682260072135,-0.0008737838663431461,2.089874903786584,0,13.579263687133789
13.673140179998882,turn,3,3,follower_2,TURN,TRACK,1.4935560087306086,0.027648670109175915,-0.006443991269391436,1.5413947626900364,-0.00909293845313801,0.04499999999999993,0.2805682667441944,-0.0003895258121455384,2.0735549062889764,0,8.784158706665039
13.873270895997848,turn,3,1,leader,TURN,TRACK,1.6177275362172028,0.4383645764402134,0.11772753621720278,1.55978544595867,0.9843392293061831,0.05000000000000071,0.32549857665789833,0.03831384553201196,2.181157436791632,0,14.311150550842285
13.873270895997848,turn,3,2,follower_1,TURN,TRACK,1.513553761167633,-0.0394273936844342,0.013553761167633072,1.5537992370979832,-0.01401849582174197,0.17999999999999972,0.3050398090891025,-0.0004879603927491658,2.0932788859179063,0,11.96725845336914
13.873270895997848,turn,3,3,follower_2,TURN,TRACK,1.4987413920154333,0.02431355089008325,-0.0012586079845666731,1.543735897263807,-0.011104834707735756,0.040000000000000924,0.28396549218788497,-0.0004515664617543574,2.0787402850520325,0,8.998763084411621
14.073501110997313,turn,3,1,leader,TURN,TRACK,1.6203950080816003,0.4716359158806869,0.12039500808160031,1.5598561532465138,1.0607831595591688,0.054999999999999716,0.3264846933741699,0.04124286469909273,2.1822943261505015,0,11.642908096313477
14.073501110997313,turn,3,2,follower_1,TURN,TRACK,1.5153629684132375,-0.018943620438302635,0.015362968413237477,1.5587564327028576,-0.004599458179707103,0.04499999999999993,0.31719124533143117,-0.000126009238290926,2.094977229815102,0,9.585795402526855
14.073501110997313,turn,3,3,follower_2,TURN,TRACK,1.5041145276393435,0.018006573660326177,0.0041145276393435015,1.5464631875260444,0.012675467602214609,0.03999999999999915,0.2888521152341889,0.0005491800490469431,2.0841134952808593,0,11.973690032958984
14.273163122998085,turn,3,1,leader,TURN,TRACK,1.6225406060036396,0.4966590110802355,0.12254060600363958,1.5602670581244837,1.1291855327241462,0.05000000000000071,0.3283307473527245,0.043886211617542435,2.182900386163216,0,10.917222023010254
14.273163122998085,turn,3,2,follower_1,TURN,TRACK,1.516548575221624,-0.007231905136526787,0.016548575221623896,1.5605095380030027,0.025150526860263308,0.04499999999999993,0.32211149005964124,0.001101005745459806,2.0960254379152743,0,8.871989250183105
14.273163122998085,turn,3,3,follower_2,TURN,TRACK,1.5087458122724164,0.013531576591381276,0.008745812272416442,1.549835794232046,-0.011295463529159425,0.04499999999999993,0.2959106821204156,-0.00046412366602388333,2.088745103957376,0,5.925620079040527
14.47340437299863,turn,3,1,leader,TURN,TRACK,1.624342915268592,0.5203415951038711,0.12434291526859198,1.560028786923518,1.2086582081706498,0.0600000000000005,0.32845901913721753,0.04690741713815062,2.1831973742915123,0,9.939979553222656
14.47340437299863,turn,3,2,follower_1,TURN,TRACK,1.5174428758689238,-0.003919339542730562,0.01744287586892379,1.560778950298477,0.07495602614942595,0.05000000000000071,0.32400201755991886,0.0031119659045159387,2.096760246157294,0,8.400341987609863
14.47340437299863,turn,3,3,follower_2,TURN,TRACK,1.5114175473675417,0.006513694355924216,0.011417547367541747,1.554620159492094,-0.005984982951541291,0.05000000000000071,0.30766842930751753,-0.00022845978694266872,2.091417264687307,0,6.070281982421875
14.673405834997538,turn,3,1,leader,TURN,TRACK,1.6259883686471115,0.5560159670453777,0.1259883686471115,1.559835677623808,1.2523524338369314,0.049999999999998934,0.32861575074252825,0.048470190614243104,2.183177935639176,0,19.54163932800293
14.673405834997538,turn,3,2,follower_1,TURN,TRACK,1.5185747765396822,0.008549511072402276,0.018574776539682203,1.5602803965124328,0.09992132620777631,0.049999999999998934,0.3239021474233841,0.004040943395476449,2.0976883383880427,0,10.239847183227539
14.673405834997538,turn,3,3,follower_2,TURN,TRACK,1.5119812429811572,0.00788707638490274,0.011981242981157214,1.5592401074524422,-0.024738688945502157,0.049999999999998934,0.3195892335836025,-0.0010184960999284245,2.0919812232516253,0,7.514741897583008
14.873227083997335,turn,3,1,leader,TURN,TRACK,1.627309008244583,0.5823780241865344,0.1273090082445829,1.5594404142131462,1.3320460309433797,0.05000000000000071,0.3281783883948511,0.05154294466687277,2.182955865120827,0,12.276902198791504
14.873227083997335,turn,3,2,follower_1,TURN,TRACK,1.520160290293199,0.02106485793590809,0.02016029029319899,1.5588689925186503,0.12228288892817273,0.05000000000000071,0.3212629763046182,0.004888947833112744,2.099052024132736,0,9.559125900268555
14.873227083997335,turn,3,3,follower_2,TURN,TRACK,1.5107445789102676,0.00488044579865742,0.010744578910267588,1.5613232229165783,-0.01604416636199644,0.05000000000000071,0.3258755157819995,-0.0006169885627267977,2.090744473414952,0,5.380753993988037
15.073295184000017,turn,3,1,leader,TURN,TRACK,1.628580685212787,0.6073072671329905,0.1285806852127871,1.5587592081692097,1.3978956301569498,0.054999999999999716,0.3268997285066786,0.05409806009845261,2.1826904532754523,0,14.632165908813477
15.073295184000017,turn,3,2,follower_1,TURN,TRACK,1.5223923484045654,0.0350155488057609,0.022392348404565388,1.556750247852019,0.1573989853622838,0.054999999999999716,0.31638532450888773,0.006252505881664744,2.101031163185319,0,12.852513313293457
15.073295184000017,turn,3,3,follower_2,TURN,TRACK,1.508319482265997,0.00527230770371543,0.008319482265997102,1.5618316987402003,-0.021923094301227058,0.054999999999999716,0.3285020207507767,-0.0008737487945138647,2.088318737309461,0,10.938281059265137
15.27347834199827,turn,3,1,leader,TURN,TRACK,1.6296060292105803,0.6379106379140697,0.1296060292105803,1.558492439678707,1.4409074818509917,0.06500000000000128,0.3265402351070837,0.05569067456211781,2.182109753510149,0,13.611512184143066
15.27347834199827,turn,3,2,follower_1,TURN,TRACK,1.5257340555211436,0.05296925202333945,0.025734055521143606,1.5547718204202086,0.1848675436492062,0.06500000000000128,0.31148335331597393,0.007307091148095137,2.1040754267777535,0,13.02714729309082
15.27347834199827,turn,3,3,follower_2,TURN,TRACK,1.50547005842489,-0.0004528857610202688,0.005470058424889901,1.5602895693564058,-0.00765493126499635,0.054999999999999716,0.32575101614574486,-0.0002563075616655938,2.0854677432570394,0,9.68889331817627
15.473250263999944,turn,3,1,leader,TURN,TRACK,1.6300844530331544,0.6595737298686236,0.1300844530331544,1.5587512120247418,1.5091717210509183,0.0649999999999995,0.3275110066264765,0.0583524360662669,2.1811123701493997,0,14.624730110168457
15.473250263999944,turn,3,2,follower_1,TURN,TRACK,1.5294594730248225,0.0688688515011013,0.029459473024822547,1.5535564449380272,0.22178459087529864,0.0649999999999995,0.3082865711251765,0.00876261065413354,2.107490620066189,0,11.333423614501953
15.473250263999944,turn,3,3,follower_2,TURN,TRACK,1.5034763902361357,-0.004884257104735767,0.0034763902361356624,1.5578997746326242,-0.009217950448089186,0.0600000000000005,0.32031640011060175,-0.00032625474941795954,2.0834713976797516,0,5.787515163421631
15.673511954999412,turn,3,1,leader,TURN,TRACK,1.6302506011043165,0.6728053404716016,0.13025060110431652,1.5587308740022836,1.5858921114776972,0.06999999999999851,0.3277295269451195,0.061282492721257555,2.1795108952877555,0,14.405207633972168
15.673511954999412,turn,3,2,follower_1,TURN,TRACK,1.5347354868155143,0.09188766156093243,0.034735486815514305,1.552461698635092,0.2512638171632903,0.05999999999999872,0.3052178283876789,0.009874238796892715,2.1123421859992804,0,12.739602088928223
15.673511954999412,turn,3,3,follower_2,TURN,TRACK,1.5019701929600364,-0.0021249743041070507,0.001970192960036421,1.5548598114380705,-0.019429951711225354,0.05999999999999872,0.3127741677891359,-0.0007686095570440469,2.0819600014872055,0,8.455177307128906
15.874715152996941,turn,3,1,leader,TURN,TRACK,1.6303443786952743,0.677365603356525,0.13034437869527427,1.558147890279049,1.6570765468400068,0.005000000000000782,0.32648373585445084,0.06403530620459034,2.1781230624377073,0,10.939538955688477
15.874715152996941,turn,3,2,follower_1,TURN,TRACK,1.5393993004330684,0.10681313504677326,0.039399300433068385,1.5515563124039486,0.2961576875771219,0.005000000000000782,0.3023790465985858,0.011685576727693355,2.1166048251969123,0,9.69274616241455
15.874715152996941,turn,3,3,follower_2,TURN,TRACK,1.5010867686024338,-0.0012764758303851972,0.0010867686024338408,1.5529717260827889,-0.01347901090061592,0.0600000000000005,0.3077278350893992,-0.0005102949226727926,2.0810697043761466,0,6.341370105743408
16.074316393998743,turn,3,1,leader,TURN,TRACK,1.6304601033398214,0.6845116193964327,0.1304601033398214,1.5574072727686954,1.6978100239842964,0.009999999999999787,0.3247092809948668,0.06554789107219883,2.1768858318578572,0,12.284646987915039
16.074316393998743,turn,3,2,follower_1,TURN,TRACK,1.5442308030517498,0.1230993720164619,0.044230803051749756,1.5499077717541454,0.32899915692855886,0.004999999999999005,0.29730236659036796,0.012932463222399162,2.1210368138568465,0,10.898981094360352
16.074316393998743,turn,3,3,follower_2,TURN,TRACK,1.4998861389062337,0.000439820066912353,-0.00011386109376632092,1.5520251733679271,-0.01275401871753734,0.07000000000000028,0.3047834845751174,-0.00048436799557086477,2.0798604756270684,0,16.00397300720215
16.273565059000248,turn,3,1,leader,TURN,TRACK,1.630420676519278,0.6898851570750021,0.1304206765192779,1.556983476249995,1.7546746474261552,0.009999999999999787,0.32361495187055483,0.06773956969055209,2.1752513005019436,0,10.706635475158691
16.273565059000248,turn,3,2,follower_1,TURN,TRACK,1.550702516886801,0.15506870725005772,0.05070251688680094,1.5486101651880808,0.3466235179627282,0.009999999999999787,0.29304830718541064,0.013532295636617541,2.1269904865798925,0,8.344834327697754
16.273565059000248,turn,3,3,follower_2,TURN,TRACK,1.4982613338024837,0.0025301733171265764,-0.001738666197516281,1.5510789033610333,-0.00016614314202869257,0.07000000000000028,0.30170043611015607,3.6546021622480985e-05,2.0782227410022136,0,8.134081840515137
16.473400246999518,turn,3,1,leader,TURN,TRACK,1.630172477761643,0.7053484491929365,0.1301724777616431,1.556873611777314,1.7822333262168135,0.009999999999999787,0.32315678280527155,0.0687242001504343,2.1736501354460334,0,13.146246910095215
16.473400246999518,turn,3,2,follower_1,TURN,TRACK,1.5565728286732863,0.18867400892241135,0.05657282867328628,1.547924282617159,0.3786392370882295,0.004999999999999005,0.29025119432542384,0.014804297391728942,2.132390093534501,0,13.431270599365234
16.473400246999518,turn,3,3,follower_2,TURN,TRACK,1.4970804431162013,0.004507418533699603,-0.0029195568837987462,1.5496172281777996,0.0026623083572614825,0.004999999999999005,0.2971183743837286,0.0001778985097069177,2.0770276184089083,0,8.96638298034668
16.673214602997177,turn,3,1,leader,TURN,TRACK,1.6303711537622019,0.7491241083592177,0.13037115376220187,1.5555858027446965,1.7884952208852924,0.015000000000000568,0.31969771368974076,0.06883740825528833,2.1722627666103884,0,8.293248176574707
16.673214602997177,turn,3,2,follower_1,TURN,TRACK,1.5621069347202574,0.21473680082129246,0.06210693472025741,1.5494131273733613,0.4314271790752715,0.015000000000000568,0.2930526815053022,0.016916021742794572,2.1373437854366526,0,8.035646438598633
16.673214602997177,turn,3,3,follower_2,TURN,TRACK,1.4969621073843886,0.0014803275102301663,-0.0030378926156113817,1.548725695454798,0.015269005636013256,0.005000000000000782,0.2937916439004599,0.0006613296294479469,2.076886272553083,0,10.660425186157227
16.873639935998654,turn,3,1,leader,TURN,TRACK,1.6305749622350219,0.7875049868000329,0.13057496223502185,1.5549578162535658,1.8186244999916366,0.015000000000000568,0.31775106479441334,0.07004094554406526,2.171225868805343,0,10.630966186523438
16.873639935998654,turn,3,2,follower_1,TURN,TRACK,1.5658615366404571,0.22975476867625447,0.06586153664045713,1.5503181914390387,0.4815057865577043,0.015000000000000568,0.29461949720795566,0.018851868837151512,2.140609455782374,0,9.137442588806152
16.873639935998654,turn,3,3,follower_2,TURN,TRACK,1.4976098505571371,0.0019218059816980017,-0.0023901494428628656,1.5480844438155323,0.015304098078337353,0.005000000000000782,0.2910247281297055,0.0006309812160530254,2.0775107599248837,0,8.714058876037598
17.073816514999635,turn,3,1,leader,TURN,TRACK,1.6309135790002767,0.8195063462762566,0.13091357900027667,1.5543136536615256,1.8817108429385176,0.019999999999999574,0.31567952273275846,0.07255093200362034,2.1701701131281546,0,11.200815200805664
17.073816514999635,turn,3,2,follower_1,TURN,TRACK,1.5696798516791048,0.24343754485600214,0.06967985167910484,1.5506610924413717,0.5177314203502014,0.019999999999999574,0.2948848452991688,0.020224568872496917,2.1438251953264382,0,8.905390739440918
17.073816514999635,turn,3,3,follower_2,TURN,TRACK,1.4986711288140442,0.0005406662033027033,-0.0013288711859558155,1.5479049823090458,0.029897828412079316,0.014999999999998792,0.2894940895926309,0.001214077190127754,2.078539977270992,0,5.176196098327637
17.273159393997048,turn,3,1,leader,TURN,TRACK,1.63263535680138,0.8655419684414167,0.13263535680138006,1.5517259708353008,1.9095696348802487,0.02000000000000135,0.3081461709147661,0.0735466830064461,2.1704828051422225,0,10.993935585021973
17.273159393997048,turn,3,2,follower_1,TURN,TRACK,1.5721828780806633,0.2558583106277048,0.07218287808066326,1.550191887372011,0.5351429488161455,0.02000000000000135,0.29319166525559937,0.020814386450154723,2.145679153701922,0,9.5429105758667
17.273159393997048,turn,3,3,follower_2,TURN,TRACK,1.4994457832248254,0.004425590473191026,-0.000554216775174643,1.548316760301351,0.03168874754651005,0.009999999999999787,0.28950653693513156,0.0012595348286590818,2.0792763020677834,0,10.996805191040039
17.47373401999721,turn,3,1,leader,TURN,TRACK,1.636153188047694,0.9004533334485605,0.13615318804769405,1.547944180355461,1.95108486957242,0.019999999999999574,0.29739163822976744,0.07521342632668915,2.1726090579532205,0,10.255335807800293
17.47373401999721,turn,3,2,follower_1,TURN,TRACK,1.5730735689095625,0.25821868966514694,0.07307356890956251,1.5496810479264937,0.5621359469146229,0.019999999999999574,0.2912902755142409,0.02182417095912765,2.145863091001765,0,8.16440486907959
17.47373401999721,turn,3,3,follower_2,TURN,TRACK,1.4996344387276677,0.009041619376687892,-0.0003655612723323376,1.5488079472761997,0.04432698071699179,0.009999999999999787,0.28984117457387004,0.00176238942244299,2.079420614644752,0,11.043705940246582
17.673742634997325,turn,3,1,leader,TURN,TRACK,1.640049842920183,0.9297973768178094,0.14004984292018308,1.5475166153597777,1.985214518258877,0.025000000000000355,0.2946584966745593,0.07654043684225809,2.1751675131715755,0,16.763330459594727
17.673742634997325,turn,3,2,follower_1,TURN,TRACK,1.5742636548053204,0.243949830475283,0.07426365480532038,1.547634380866538,0.6142016106820793,0.025000000000000355,0.28527866854902606,0.02393859186742941,2.1463206900756537,0,8.188912391662598
17.673742634997325,turn,3,3,follower_2,TURN,TRACK,1.4987456655807478,0.010174207579654461,-0.0012543344192521566,1.5490459277743978,0.05539938210962243,0.015000000000000568,0.2896661997570562,0.00222239736391224,2.0784787714651416,0,9.027398109436035
17.87423497999771,turn,3,1,leader,TURN,TRACK,1.6450386149971818,0.9529834495809439,0.14503861499718185,1.5466346044950054,2.0121848318444973,0.08999999999999986,0.2907188756939275,0.07756449066016742,2.1787050405920914,0,15.126588821411133
17.87423497999771,turn,3,2,follower_1,TURN,TRACK,1.576253107777244,0.16673089051849943,0.07625310777724392,1.5451090401743441,0.7305121836812001,0.019999999999999574,0.2778337789668919,0.028676220694457924,2.147448086178663,0,13.15639591217041
17.87423497999771,turn,3,3,follower_2,TURN,TRACK,1.496893937066124,0.004127154348130467,-0.0031060629338759416,1.5481283242337083,0.06308088525282943,0.019999999999999574,0.28458557377691523,0.002477717480597207,2.0765468506610065,0,8.659588813781738
18.073265867998998,turn,3,1,leader,TURN,TRACK,1.6496066623463996,0.9649601365063668,0.14960666234639963,1.5447876986604445,2.0847757564362546,0.02500000000000213,0.2842761292728946,0.08046828711684074,2.182132110452102,0,14.53271770477295
18.073265867998998,turn,3,2,follower_1,TURN,TRACK,1.5784459042100996,0.08651032069748309,0.07844590421009956,1.5419719206030524,0.785540373676932,0.02500000000000213,0.2684912966780605,0.030704827319722416,2.1489106285348174,0,11.864931106567383
18.073265867998998,turn,3,3,follower_2,TURN,TRACK,1.4950778634125277,0.0034397567268802053,-0.004922136587472314,1.5461059930761658,0.06291984334441557,0.02500000000000213,0.28029744399556245,0.002455525910599683,2.074654378015169,0,9.921820640563965
18.273369736998575,turn,3,1,leader,TURN,TRACK,1.6545948777440533,0.9931986271965523,0.15459487774405334,1.545825293795517,2.0894614314041045,0.019999999999999574,0.28512796547696584,0.08054504044440043,2.185708126139376,0,12.5883150100708
18.273369736998575,turn,3,2,follower_1,TURN,TRACK,1.5821831725980857,0.004419443627675637,0.08218317259808572,1.541893631172136,0.7909166457535743,0.019999999999999574,0.2664857520590681,0.030713825530203628,2.151712579364228,0,11.417702674865723
18.273369736998575,turn,3,3,follower_2,TURN,TRACK,1.4940146600303286,0.008785628688890015,-0.005985339969671433,1.5431596162074857,0.0645877262476438,0.019999999999999574,0.27128413889024083,0.0025112951042320615,2.0734849101918775,0,7.3629889488220215
18.47319618899928,turn,3,1,leader,TURN,TRACK,1.658165480648417,1.0157529963620424,0.15816548064841696,1.5475228483710137,2.108672294976332,0.03500000000000014,0.2879247439962445,0.08127121545444545,2.1881125513939708,0,12.307685852050781
18.47319618899928,turn,3,2,follower_1,TURN,TRACK,1.5857536156404206,-0.03248153173209192,0.08575361564042061,1.5416427701191,0.822466555893205,0.16000000000000014,0.2641211020750944,0.031912989706768695,2.154468167918797,0,12.393272399902344
18.47319618899928,turn,3,3,follower_2,TURN,TRACK,1.4943762514662884,0.016377572483122903,-0.005623748533711614,1.5407201992509785,0.08765654296227378,0.02499999999999858,0.26335642448776114,0.0034616825489770958,2.0737542061177385,0,5.560638904571533
18.67315821900047,turn,3,1,leader,TURN,TRACK,1.6619864536889033,1.0360517522882342,0.1619864536889033,1.5479715773640934,2.145870322651852,0.029999999999997584,0.28789544916710813,0.08275370605662621,2.190631990980438,0,7.294486045837402
18.67315821900047,turn,3,2,follower_1,TURN,TRACK,1.5893934488225965,-0.005480280507069704,0.08939344882259648,1.5428043533672842,0.7034608154720827,0.029999999999997584,0.26543214160618084,0.02697495563982632,2.157145746708301,0,13.41376781463623
18.67315821900047,turn,3,3,follower_2,TURN,TRACK,1.4961050027749296,0.03855900982165858,-0.0038949972250703624,1.5392766029968503,0.09433168580043183,0.029999999999997584,0.2575937931858084,0.003701628528340016,2.0753888627742096,0,5.693427085876465
18.87380518899954,turn,3,1,leader,STRAIGHT_2,TRACK,1.6631819202853269,1.1583602183190358,0.16318192028532685,1.547496650464711,2.1720633858202714,0.015000000000000568,0.2853324242743577,0.08371374292008635,2.1930149196769433,0,14.43127155303955
18.87380518899954,turn,3,2,follower_1,STRAIGHT_2,TRACK,1.5978667143501615,0.08038474712964486,0.09786671435016148,1.5463099431231004,0.5897118961298219,0.015000000000000568,0.2686177435554765,0.02249858255838465,2.1647389929807725,0,12.388319969177246
18.87380518899954,turn,3,3,follower_2,STRAIGHT_2,TRACK,1.4926409174535666,0.044136615380427284,-0.00735908254643336,1.538723921293346,0.12500976531789382,0.03499999999999659,0.25407035579324705,0.0049581658543311116,2.071850594040037,0,10.159771919250488
19.073037037996983,turn,3,1,leader,STRAIGHT_2,TRACK,1.6626441491346013,1.2987363063557282,0.16264414913460135,1.5485635498547294,2.2540221609737374,0.03500000000000014,0.28739328620565013,0.08716143956668397,2.195756575285437,0,6.912075042724609
19.073037037996983,turn,3,2,follower_1,STRAIGHT_2,TRACK,1.5993325726433711,0.20878995605693546,0.09933257264337114,1.549993267768874,0.5987406010997143,0.03500000000000014,0.27504148733979383,0.02284563380400892,2.16517258388655,0,13.501157760620117
19.073037037996983,turn,3,3,follower_2,STRAIGHT_2,TRACK,1.4986721491583013,0.07888115805775678,-0.00132785084169873,1.5356680705722439,0.13135292182394895,0.03500000000000014,0.24419501489265483,0.0051643487342152555,2.077811677326772,0,5.825532913208008
19.273347517999355,turn,3,1,leader,STRAIGHT_2,TRACK,1.6612245891504047,1.3047954150424177,0.16122458915040472,1.5516902630056983,2.467286269702875,0.03999999999999915,0.2949062180459913,0.09586785858210523,2.1977423817641046,0,11.492871284484863
19.273347517999355,turn,3,2,follower_1,STRAIGHT_2,TRACK,1.6019476129985488,0.32255624046528225,0.10194761299854882,1.5508750662761108,0.6531327342082529,0.03999999999999915,0.27768004039357597,0.025250110120568277,2.1665204856562634,0,9.2867431640625
19.273347517999355,turn,3,3,follower_2,STRAIGHT_2,TRACK,1.50571784033793,0.06905797918991632,0.005717840337930102,1.5368335960891644,0.19669245743886132,0.030000000000001137,0.2448162841643651,0.00787564748253684,2.084754762608846,0,6.774480819702148
19.47332808200008,turn,3,1,leader,STRAIGHT_2,TRACK,1.6586229746006953,1.27174155727719,0.1586229746006953,1.554642314265538,2.5262566328670504,0.10999999999999943,0.30278836099784895,0.09787162098468677,2.1976988590956776,0,14.11373519897461
19.47332808200008,turn,3,2,follower_1,STRAIGHT_2,TRACK,1.6055518409847598,0.39094743058311426,0.10555184098475978,1.5511484320363609,0.8293715483680386,0.04499999999999815,0.2790078154784425,0.03257244567212502,2.1691398636684727,0,12.576664924621582
19.47332808200008,turn,3,3,follower_2,STRAIGHT_2,TRACK,1.5106424017013054,0.040405465434445904,0.01064240170130537,1.538845419490355,0.23923573888006586,0.10500000000000043,0.2480559752742224,0.009499522312562153,2.089567477327266,0,8.532732963562012
19.673176486998273,turn,3,1,leader,STRAIGHT_2,TRACK,1.6534106797087065,1.2291799232222589,0.15341067970870648,1.5614425883399832,2.4648067492698513,0.04499999999999815,0.32059544140246676,0.09498961291040746,2.1953208323069964,0,11.21903133392334
19.673176486998273,turn,3,2,follower_1,STRAIGHT_2,TRACK,1.6114574176318817,0.48662670891620513,0.11145741763188166,1.5523182817745014,0.9207345685637106,0.03999999999999915,0.28281008836342425,0.03610918973563898,2.1739898378902085,0,9.127415657043457
19.673176486998273,turn,3,3,follower_2,STRAIGHT_2,TRACK,1.5152871858995467,0.013382213376604559,0.015287185899546696,1.544070456171768,0.25543144066764123,0.03999999999999915,0.2602126218431671,0.01005301708195562,2.094056226863608,0,6.405387878417969
19.873390630997164,turn,3,1,leader,STRAIGHT_2,TRACK,1.6459111363688417,1.1907775907696398,0.14591113636884168,1.5663991125208225,2.386442433428798,0.05000000000000071,0.3349424036953878,0.09154487156827552,2.1906136707245834,0,13.981120109558105
19.873390630997164,turn,3,2,follower_1,STRAIGHT_2,TRACK,1.6187443913278015,0.5854989602641746,0.11874439132780146,1.5533795841056568,0.9956961303004738,0.10500000000000043,0.2864813168275029,0.038913587922158925,2.1803009266599886,0,12.67922306060791
19.873390630997164,turn,3,3,follower_2,STRAIGHT_2,TRACK,1.519987306810636,0.020886639119079654,0.019987306810635985,1.546925530334742,0.21040712828507097,0.045000000000001705,0.26689253793905376,0.008078478154874408,2.09855588268145,0,6.963311195373535
20.07316915899719,turn,3,1,leader,STRAIGHT_2,TRACK,1.6381765399592432,1.1596289614032969,0.13817653995924317,1.568020898780748,2.293634713015861,0.05000000000000071,0.3415596569454794,0.08763076687762265,2.185374583306707,0,10.695465087890625
20.07316915899719,turn,3,2,follower_1,STRAIGHT_2,TRACK,1.6246433762090233,0.6537014103403365,0.12464337620902333,1.5569804721574783,1.1614740230415468,0.05000000000000071,0.29690188774578624,0.04548702536835944,2.185378213318663,0,8.616279602050781
20.07316915899719,turn,3,3,follower_2,STRAIGHT_2,TRACK,1.5253811524448215,0.06031209022231508,0.02538115244482153,1.5489230024594192,0.16793540878182572,0.0400000000000027,0.2719588178772878,0.006329766822518154,2.103719434135336,0,5.576056957244873
20.273263826999028,turn,3,1,leader,STRAIGHT_2,TRACK,1.6323212501595143,1.1363535201045254,0.13232125015951435,1.5675135546959513,2.2579281823954855,0.17999999999999972,0.3427279680755556,0.08628139523280455,2.181522516421411,0,13.7589750289917
20.273263826999028,turn,3,2,follower_1,STRAIGHT_2,TRACK,1.6276525176834586,0.6949660371300584,0.12765251768345864,1.5603483749817293,1.242788908691577,0.05000000000000071,0.30706735351680947,0.04849388583652293,2.1877508356101143,0,12.39211368560791
20.273263826999028,turn,3,3,follower_2,STRAIGHT_2,TRACK,1.5308310937730158,0.09613058632255743,0.03083109377301585,1.5507297593698863,0.18787774040645458,0.05000000000000071,0.276802189650429,0.007245677774787596,2.1089510327258436,0,10.43242073059082
20.47322576499937,turn,3,1,leader,STRAIGHT_2,TRACK,1.6271100731166774,1.1239236375327528,0.12711007311667744,1.5638542866777734,2.1344231223990953,0.05000000000000071,0.33573642308818324,0.0814068328567946,2.1785642558731007,0,13.785553932189941
20.47322576499937,turn,3,2,follower_1,STRAIGHT_2,TRACK,1.6284439963288275,0.7016470504229856,0.12844399632882753,1.5626377619321854,1.3283075743322152,0.04499999999999815,0.3150205671597783,0.051720399333345025,2.187861825546917,0,12.279212951660156
20.47322576499937,turn,3,3,follower_2,STRAIGHT_2,TRACK,1.5375519165297826,0.1445342650978768,0.037551916529782625,1.5525719503309623,0.229437592805622,0.04499999999999815,0.2821962716063058,0.008954637163800783,2.115376220011347,0,9.846516609191895
20.673346075000154,turn,3,1,leader,STRAIGHT_2,TRACK,1.6237158646208916,1.1006811872593925,0.12371586462089157,1.5617624076478507,2.0860708806116546,0.11499999999999844,0.33206848470795186,0.07962056605404066,2.177075779003736,0,14.123888969421387
20.673346075000154,turn,3,2,follower_1,STRAIGHT_2,TRACK,1.6277360743176816,0.691905816090819,0.12773607431768164,1.5628016188495262,1.3696606418625958,0.11499999999999844,0.31780043598313995,0.05312767001418031,2.1865750202955994,0,12.92363452911377
20.673346075000154,turn,3,3,follower_2,STRAIGHT_2,TRACK,1.5432700804873498,0.18883971400520624,0.043270080487349816,1.554220485053649,0.2417971217158752,0.054999999999999716,0.28747498988022,0.009455116614288371,2.120807125306874,0,10.186946868896484
20.873211488997185,turn,3,1,leader,STRAIGHT_2,TRACK,1.6213500034721429,1.06043921112273,0.12135000347214286,1.5595107767917191,2.051954524897082,0.05000000000000071,0.3273719566541077,0.07836629708165994,2.1766760980420523,0,14.785131454467773
20.873211488997185,turn,3,2,follower_1,STRAIGHT_2,TRACK,1.6259764172229212,0.6978728812418277,0.1259764172229212,1.5623142880964294,1.3458263244954825,0.045000000000001705,0.3187590043379365,0.051903360992527764,2.1842141604924366,0,12.537672996520996
20.873211488997185,turn,3,3,follower_2,STRAIGHT_2,TRACK,1.5494666836385926,0.2295024982589547,0.049466683638592635,1.554071590301206,0.2959967326786845,0.05000000000000071,0.28828693059189553,0.011643108900072965,2.1266849471476545,0,10.126642227172852
21.073256966999907,turn,3,1,leader,STRAIGHT_2,TRACK,1.6198896801037277,1.0348235010571682,0.11988968010372769,1.5585406707721507,1.9724873264605458,0.060000000000002274,0.3254596782769807,0.07519258854673362,2.1769161906294223,0,10.259998321533203
21.073256966999907,turn,3,2,follower_1,STRAIGHT_2,TRACK,1.624210636203761,0.7025358584812386,0.12421063620376094,1.56100590278891,1.3791497457582278,0.054999999999999716,0.3173389199674894,0.05322419887091509,2.1819822308757426,0,9.586158752441406
21.073256966999907,turn,3,3,follower_2,STRAIGHT_2,TRACK,1.5547353896063412,0.25496973199501527,0.05473538960634117,1.5536711271855552,0.3428367830508038,0.054999999999999716,0.2883149097502858,0.013478124659688402,2.131640004712205,0,7.366086959838867
21.273387617999106,turn,3,1,leader,STRAIGHT_2,TRACK,1.6187560911967294,1.0202944501040985,0.11875609119672936,1.5585507708050728,1.8727587058904236,0.05999999999999872,0.32580566863896515,0.07128942475389613,2.177410277301454,0,14.756829261779785
21.273387617999106,turn,3,2,follower_1,STRAIGHT_2,TRACK,1.6225941213842865,0.7227704098487928,0.12259412138428649,1.5598359682060214,1.385057375544922,0.054999999999999716,0.3159579589083621,0.05334319786999421,2.179983326228501,0,13.260968208312988
21.273387617999106,turn,3,3,follower_2,STRAIGHT_2,TRACK,1.559123346951362,0.2562946679025203,0.0591233469513619,1.5544257929867795,0.4195495098675937,0.045000000000001705,0.29129557015391633,0.01656990293878747,2.1356985896339347,0,6.749648094177246
21.47313789299733,turn,3,1,leader,STRAIGHT_2,TRACK,1.6177946649616313,0.9915922451230743,0.11779466496163127,1.5586216266266948,1.8542928619796668,0.120000000000001,0.3263034188439651,0.07075228380277979,2.1780039932635757,0,10.759024620056152
21.47313789299733,turn,3,2,follower_1,STRAIGHT_2,TRACK,1.621407561140003,0.7483184735259462,0.12140756114000295,1.5586260432950318,1.399035236421459,0.054999999999999716,0.3141391678654155,0.05385501123553708,2.178460763563112,0,8.952766418457031
21.47313789299733,turn,3,3,follower_2,STRAIGHT_2,TRACK,1.5620417029513038,0.2538506979697457,0.062041702951303845,1.5561496208881034,0.45410516563035713,0.054999999999999716,0.2969526926125843,0.017771796121338237,2.138265082151743,0,12.84009838104248
21.673275682998792,turn,3,1,leader,STRAIGHT_2,TRACK,1.617026451320252,0.9644766799260276,0.11702645132025191,1.5591803943894877,1.785406341939264,0.129999999999999,0.32800852959812044,0.06810925532536942,2.17874989243664,0,10.403130531311035
21.673275682998792,turn,3,2,follower_1,STRAIGHT_2,TRACK,1.6205325719300387,0.7674106061225111,0.12053257193003875,1.5575376689426843,1.4352278177021045,0.05999999999999872,0.3123404076311972,0.05530584061432242,2.1773235962408495,0,12.390645980834961
21.673275682998792,turn,3,3,follower_2,STRAIGHT_2,TRACK,1.5640164387123558,0.25106411259474537,0.06401643871235585,1.5572590452992798,0.477777864078653,0.05999999999999872,0.3012394087939019,0.018603907673705466,2.1398458306031984,0,8.857192039489746
21.873160741997708,turn,3,1,leader,STRAIGHT_2,TRACK,1.6165144725421907,0.9505935434996204,0.11651447254219072,1.559061729619605,1.703943123794938,0.13000000000000256,0.3280725943537852,0.06498630571661317,2.1794508163507027,0,11.20805835723877
21.873160741997708,turn,3,2,follower_1,STRAIGHT_2,TRACK,1.6199803291663535,0.7835324044093855,0.11998032916635348,1.556948929747886,1.4663071742943334,0.060000000000002274,0.311592725357219,0.05650340529458715,2.1766294033189864,0,9.067416191101074
21.873160741997708,turn,3,3,follower_2,STRAIGHT_2,TRACK,1.5654837562916935,0.25445866111808524,0.06548375629169345,1.5568373672327114,0.4964754075896091,0.060000000000002274,0.3015394175402254,0.0192702967651574,2.140958791744775,0,7.264056205749512
22.07317737199992,turn,3,1,leader,STRAIGHT_2,TRACK,1.6156560159152238,0.9308702824063818,0.11565601591522379,1.5604340263061456,1.6535602673686267,0.07000000000000028,0.3316569855288693,0.06309768293203355,2.179817898307653,0,7.791996955871582
22.07317737199992,turn,3,2,follower_1,STRAIGHT_2,TRACK,1.6198645614060263,0.8030908969042785,0.1198645614060263,1.5566593769482802,1.4921363289745233,0.060000000000002274,0.31146709202535333,0.057500309347224395,2.1764260071035126,0,10.982077598571777
22.07317737199992,turn,3,3,follower_2,STRAIGHT_2,TRACK,1.5671640059209613,0.2609253705802546,0.06716400592096128,1.556420379907079,0.5174749732289494,0.060000000000002274,0.30169451825724747,0.020066768022122195,2.14224085517902,0,7.948594093322754
22.27424984299796,turn,3,1,leader,STRAIGHT_2,TRACK,1.6138831611238307,0.905090142232819,0.11388316112383068,1.5624367387986453,1.60157457435135,0.004999999999999005,0.33728178352696797,0.061094491555705795,2.179324869282166,0,11.726317405700684
22.27424984299796,turn,3,2,follower_1,STRAIGHT_2,TRACK,1.6204666677714707,0.8325214787985886,0.12046666777147075,1.5568357689657408,1.517725910269095,0.004999999999999005,0.3125083010911449,0.05850626076568141,2.1770192123619814,0,9.48986530303955
22.27424984299796,turn,3,3,follower_2,STRAIGHT_2,TRACK,1.5698534184803024,0.2733150080600746,0.06985341848030235,1.5552246352859354,0.5400752386615293,0.125,0.29964956388549707,0.020923018222512156,2.144465236026858,0,7.02660608291626
22.473447402997408,turn,3,1,leader,STRAIGHT_2,TRACK,1.6121547217615924,0.8983451431308733,0.11215472176159236,1.5633993877387018,1.5233945409568495,0.004999999999999005,0.3406736438204004,0.05790709640262167,2.1785228691968683,0,8.942580223083496
22.473447402997408,turn,3,2,follower_1,STRAIGHT_2,TRACK,1.6210377690219262,0.8536939272273538,0.1210377690219262,1.5572737154784522,1.546661726181938,0.05999999999999872,0.3141950115240539,0.05962611402025231,2.177669459493843,0,14.456302642822266
22.473447402997408,turn,3,3,follower_2,STRAIGHT_2,TRACK,1.5727619377214763,0.28983423682252796,0.07276193772147632,1.553626034091034,0.5563634015942496,0.05999999999999872,0.29628312623411146,0.021511987285197064,2.146996999162785,0,12.319613456726074
22.673398874998384,turn,3,1,leader,STRAIGHT_2,TRACK,1.6095725015459759,0.8767018580277244,0.10957250154597586,1.564419928559464,1.4909354860078552,0.00999999999999801,0.34437182076458595,0.05679691939064291,2.1770039169728452,0,13.287707328796387
22.673398874998384,turn,3,2,follower_1,STRAIGHT_2,TRACK,1.62184447847946,0.8727625358409528,0.1218444784794599,1.5584202311801492,1.5845154902845335,0.004999999999999005,0.3178106499471757,0.061121768603849984,2.178617453395875,0,12.655089378356934
22.673398874998384,turn,3,3,follower_2,STRAIGHT_2,TRACK,1.5770466287533185,0.3057997994279635,0.07704662875331847,1.5527072348721882,0.6036937281316709,0.004999999999999005,0.2943371275275758,0.023458584038554626,2.150802943534475,0,8.284085273742676
22.873315822998848,turn,3,1,leader,STRAIGHT_2,TRACK,1.607333842404002,0.8635955042930934,0.10733384240400201,1.5646474565619315,1.4343255360524314,0.015000000000000568,0.3461639986552169,0.05452771178231973,2.175594073583472,0,6.148560047149658
22.873315822998848,turn,3,2,follower_1,STRAIGHT_2,TRACK,1.6223290393883967,0.8866565760346946,0.12232903938839668,1.5586859583313608,1.600904293769225,0.06500000000000128,0.31921354013644626,0.0616656913544059,2.1792775960552127,0,11.789131164550781
22.873315822998848,turn,3,3,follower_2,STRAIGHT_2,TRACK,1.5808327446990846,0.33020280330666385,0.08083274469908464,1.5529447874338043,0.621757017447264,0.06500000000000128,0.2952211523371294,0.024094084596354894,2.1541819162120555,0,8.012686729431152
23.07345294699917,turn,3,1,leader,STRAIGHT_2,TRACK,1.6048221054280156,0.8507092616279622,0.10482210542801562,1.5646124544998439,1.3782050664601502,0.010000000000001563,0.3472311178481197,0.05238554412238423,2.173962916588524,0,12.32243824005127
23.07345294699917,turn,3,2,follower_1,STRAIGHT_2,TRACK,1.622627687229646,0.898986940484646,0.1226276872296459,1.5596380966597172,1.612704194925669,0.005000000000002558,0.3223927535547585,0.06206950574097522,2.1798255982182044,0,9.740734100341797
23.07345294699917,turn,3,3,follower_2,STRAIGHT_2,TRACK,1.5850440464853606,0.356130177982055,0.08504404648536057,1.5535119676586535,0.639837400458223,0.07499999999999929,0.29699755779979226,0.024767091828965877,2.157926445408281,0,6.672449111938477
23.2734265279978,turn,3,1,leader,STRAIGHT_2,TRACK,1.6027117362180434,0.8433238707009709,0.10271173621804341,1.5638946114594856,1.3234505661003604,0.010000000000001563,0.3464503551913731,0.05022565051028041,2.1726501009685677,0,14.673962593078613
23.2734265279978,turn,3,2,follower_1,STRAIGHT_2,TRACK,1.6224248454022592,0.9040550119146057,0.12242484540225917,1.5600376171651642,1.6206763782902398,0.010000000000001563,0.32420225995126534,0.06231372312571827,2.179912417456999,0,14.21045207977295
23.2734265279978,turn,3,3,follower_2,STRAIGHT_2,TRACK,1.5885417071396395,0.3260527151733715,0.08854170713963949,1.5555534803583482,0.7839674744349847,0.010000000000001563,0.30258551872830675,0.030705970199176372,2.160968880137234,0,11.257347106933594
23.47347988599722,turn,3,1,leader,STRAIGHT_2,TRACK,1.600431703378923,0.82107504353035,0.10043170337892304,1.564322756894264,1.3136050527450214,0.015000000000000568,0.3485213714394133,0.05004676576275679,2.1710947184069633,0,10.637556076049805
23.47347988599722,turn,3,2,follower_1,STRAIGHT_2,TRACK,1.622276728858332,0.9063131607074477,0.12227672885833196,1.5604674784612163,1.6255921313368078,0.015000000000000568,0.3262028746023682,0.062457040487199786,2.1800622107273653,0,8.493678092956543
23.47347988599722,turn,3,3,follower_2,STRAIGHT_2,TRACK,1.5916101076869844,0.27746615961082904,0.09161010768698441,1.5564803739655133,0.8488118210543173,0.00999999999999801,0.3057144613161094,0.0331378649371923,2.163592392741415,0,5.599808216094971
23.673445981999976,turn,3,1,leader,STRAIGHT_2,TRACK,1.5972164205559103,0.8112635637007778,0.09721642055591029,1.5654468399258656,1.2391491412435665,0.014999999999997016,0.3523687131731681,0.047026787226038425,2.1686534432432327,0,15.500219345092773
23.673445981999976,turn,3,2,follower_1,STRAIGHT_2,TRACK,1.6224489945888665,0.9141624427655888,0.12244899458886649,1.5607828025823207,1.6385446338074192,0.014999999999997016,0.32795465011362085,0.06290977358202261,2.1806589583448988,0,13.052285194396973
23.673445981999976,turn,3,3,follower_2,STRAIGHT_2,TRACK,1.5944083512731129,0.238593702266185,0.09440835127311287,1.5578419399183077,0.8615739032969013,0.014999999999997016,0.31018172331771393,0.03343152353374076,2.1658773270181455,0,8.344473838806152
23.873410684998817,turn,3,1,leader,STRAIGHT_2,TRACK,1.5685304281678105,0.6481390198923789,0.06853042816781052,1.5650081129922682,1.190085893241284,0.020000000000003126,0.3522088303577139,0.04515025860517412,2.1405052681983685,0,9.944928169250488
23.873410684998817,turn,3,2,follower_1,STRAIGHT_2,TRACK,1.622375977605544,0.9241675368237978,0.12237597760554397,1.560972084197543,1.6235693467644436,0.020000000000003126,0.3293774480422099,0.062270123670355684,2.1809459766816675,0,9.069131851196289
23.873410684998817,turn,3,3,follower_2,STRAIGHT_2,TRACK,1.5961191300696143,0.21208882144071992,0.09611913006961426,1.558673568526375,0.8869336973047631,0.08000000000000185,0.3132838033319842,0.03433157810482869,2.1672016155070084,0,10.958984375
24.07365853399824,turn,3,1,leader,COMPLETE,TRACK,1.5028130268325302,0.08352080373515813,0.002813026832530152,1.5544379682117495,1.055741107149543,0.015000000000000568,0.32472092461940605,0.039489588927258915,2.0748558229659113,0,14.237264633178711
24.07365853399824,turn,3,2,follower_1,COMPLETE,TRACK,1.6159070359499226,0.8504725097624576,0.11590703594992258,1.5613608680997042,1.633385876206201,0.015000000000000568,0.33130302651986604,0.06269823509441734,2.1749395087322516,0,12.336934089660645
24.07365853399824,turn,3,3,follower_2,COMPLETE,TRACK,1.5976678221808656,0.17749880218935138,0.09766782218086556,1.5599482707502381,0.8998482604277912,0.015000000000000568,0.3175743283385401,0.0347429485171943,2.168301916807086,0,7.8611040115356445
24.27308730999721,turn,3,1,leader,COMPLETE,TRACK,1.462401391562295,-0.1639069980016383,-0.037598608437704906,1.5125163252030827,0.5363262040740508,0.02499999999999858,0.21515227057913186,0.018226986408735407,2.0344687233196743,0,14.140494346618652
24.27308730999721,turn,3,2,follower_1,COMPLETE,TRACK,1.5884467421399264,0.5635020701539526,0.08844674213992643,1.5594253669628755,1.545820612338851,0.02499999999999858,0.32709166390339317,0.05894490145103158,2.1480056627456183,0,12.348630905151367
24.27308730999721,turn,3,3,follower_2,COMPLETE,TRACK,1.5980094162259615,0.11005879752576643,0.09800941622596149,1.5591161626961327,1.0065353074793115,0.019999999999999574,0.3167067025448129,0.03904651851041723,2.168290735882114,0,10.130209922790527
24.473754343998735,turn,3,1,leader,COMPLETE,TRACK,1.4413837987285272,-0.25945964311206365,-0.05861620127147282,1.4711806667690315,0.2285365901723514,0.019999999999999574,0.09804324258945965,0.006534011560249489,2.013461356078404,0,14.165226936340332
24.473754343998735,turn,3,2,follower_1,COMPLETE,TRACK,1.5505096226596953,0.2114269708177467,0.050509622659695275,1.5496166185517608,1.2563532749049129,0.019999999999999574,0.3016481420096876,0.0469089180071523,2.1104406089444834,0,9.76640510559082
24.473754343998735,turn,3,3,follower_2,COMPLETE,TRACK,1.5923354135873693,0.03619028264159895,0.0923354135873693,1.5587886721569202,0.9731781353050576,0.019999999999999574,0.3169301607468026,0.037437434026015806,2.162429419407157,0,8.598150253295898
24.673149621998164,turn,3,1,leader,COMPLETE,TRACK,1.4343254320255892,-0.2995223352874807,-0.06567456797441085,1.4519265990258716,0.12047746330854638,0.02499999999999858,0.03586035269204252,0.0030735970018853824,2.006405824279267,0,12.910928726196289
24.673149621998164,turn,3,2,follower_1,COMPLETE,TRACK,1.5137453169518649,-0.11488264811353162,0.013745316951864872,1.5220080066472224,0.8359435100737601,0.02499999999999858,0.22727529330268637,0.029937096942241694,2.0738211395860864,0,11.153348922729492
24.673149621998164,turn,3,3,follower_2,COMPLETE,TRACK,1.5744065092502633,-0.05650292313847121,0.07440650925026326,1.556109108839052,0.8486710625056701,0.02499999999999858,0.3108072301581073,0.03201223471832041,2.1444528591558356,0,6.373033046722412
24.873259971998777,turn,3,1,leader,COMPLETE,TRACK,1.4343257938330014,-0.3160050639201807,-0.0656742061669986,1.4267084021761234,0.05465474905246097,0.030000000000001137,0.0,0.00105896992436231,2.0064058241521643,0,7.176314830780029
24.873259971998777,turn,3,2,follower_1,COMPLETE,TRACK,1.4819932149565833,-0.42024369358637814,-0.018006785043416684,1.4930896298272058,0.5546801101633183,0.030000000000001137,0.14550422320778128,0.019193734394020983,2.042078552785246,0,8.371806144714355
24.873259971998777,turn,3,3,follower_2,COMPLETE,TRACK,1.5480865279256728,-0.17622908260445289,0.048086527925672806,1.5452351984495347,0.7027347855039852,0.02500000000000213,0.28232291329032777,0.02620864533835244,2.118125863727631,0,5.553267955780029
25.073263800997665,turn,3,1,leader,COMPLETE,TRACK,1.434326193950093,-0.33327978327167235,-0.06567380604990691,1.4203254622509327,0.04108498381551872,0.08999999999999986,0.0,0.0009722911810727416,2.006405824095139,0,11.766552925109863
25.073263800997665,turn,3,2,follower_1,COMPLETE,TRACK,1.4723062876867516,-0.5153247356559292,-0.027693712313248353,1.4598761228365893,0.2179788086725221,0.02500000000000213,0.051476045011834205,0.006325069505677973,2.032374540533224,0,8.822687149047852
25.073263800997665,turn,3,3,follower_2,COMPLETE,TRACK,1.5107100127385014,-0.4267454572994708,0.010710012738501362,1.5274081086365363,0.5775656628247761,0.02500000000000213,0.23416994482004364,0.021327582568848258,2.0807568329517276,0,5.320981025695801
25.27331387799859,turn,3,1,leader,COMPLETE,TRACK,1.4343265358797472,-0.3473605403185899,-0.06567346412025277,1.4131346193373155,0.03384547797290337,0.03500000000000014,0.0,0.0009329726899553347,2.006405824073097,0,14.44512939453125
25.27331387799859,turn,3,2,follower_1,COMPLETE,TRACK,1.471999326365751,-0.5609302268304533,-0.028000673634249074,1.4476045686103423,0.1098449429836375,0.09499999999999886,0.004524251798873877,0.0027990090671535235,2.032042411369699,0,12.813755989074707
25.27331387799859,turn,3,3,follower_2,COMPLETE,TRACK,1.477835242983677,-0.6470508903801021,-0.022164757016323033,1.507094933304576,0.4204285763874597,0.030000000000001137,0.17580288585400777,0.015153811471656242,2.047841151102648,0,6.944536209106445
25.47346964299868,turn,3,1,leader,COMPLETE,TRACK,1.4343266625041418,-0.35243244528705336,-0.06567333749585824,1.4104666698806276,0.01593257209496553,0.029999999999997584,0.0,0.0003424677757816938,2.006405824061736,0,10.960993766784668
25.47346964299868,turn,3,2,follower_1,COMPLETE,TRACK,1.4720091878347863,-0.5926686063743333,-0.027990812165213708,1.4313240246054122,0.07972076949498498,0.029999999999997584,0.0,0.002186994867910702,2.0320423804618017,0,9.319486618041992
25.47346964299868,turn,3,3,follower_2,COMPLETE,TRACK,1.463492820063326,-0.7184272718437467,-0.03650717993667407,1.471649150717903,0.1546976512975133,0.02499999999999858,0.07874194446187571,0.004665869561306663,2.0334636803874586,0,5.350784778594971
25.67333353399954,turn,3,1,leader,COMPLETE,TRACK,1.434326714514204,-0.35449470824509643,-0.06567328548579598,1.4095632104913802,0.00713148342800526,0.029999999999997584,0.0,0.00011200120295973001,2.006405824056381,0,7.941894054412842
25.67333353399954,turn,3,2,follower_1,COMPLETE,TRACK,1.4720138877448579,-0.6211945893828511,-0.027986112255142137,1.4241614537121041,0.06474798049479502,0.03500000000000014,0.0,0.001975549466307982,2.0320423480059544,0,13.39936637878418
25.67333353399954,turn,3,3,follower_2,COMPLETE,TRACK,1.4616022810636784,-0.7269072969788435,-0.0383977189363216,1.4500861074655946,0.039498691667997625,0.029999999999997584,0.010485822327732909,0.0004803360329954413,2.0315391405757572,0,8.260485649108887
25.873298409998824,turn,3,1,leader,COMPLETE,TRACK,1.4343267802981132,-0.35708588353675025,-0.06567321970188678,1.409617955537942,0.008125364881797785,0.0400000000000027,0.0,0.0002293607475046302,2.006405824052583,0,10.664958953857422
25.873298409998824,turn,3,2,follower_1,COMPLETE,TRACK,1.4720192505551375,-0.643394277533901,-0.027980749444862507,1.4205504462788197,0.04896162263501312,0.03500000000000014,0.0,0.0015607263500635974,2.03204231864163,0,9.924192428588867
25.873298409998824,turn,3,3,follower_2,COMPLETE,TRACK,1.4616288475282087,-0.7264867785644731,-0.03837115247179135,1.4399299590331507,0.006280290869101877,0.03500000000000014,0.0,-0.000417599982006725,2.031539154705131,0,8.3583402633667
